tytul_ogloszenia;Lokalizacja;Cena;link_ogloszenia;Data;Powierzchnia;liczba_pokoi;Pietro;Rok budowy;cena_za_metr
Nowe mieszkanie Kielce;Kielce, świętokrzyskie;528656;https://gratka.pl/nieruchomosci/nowe-mieszkanie-kielce/ob/29210405;2023-01-28;;3;2;2021;
Mieszkanie Kielce, ul. 1 Maja;Kielce, świętokrzyskie;299000;https://gratka.pl/nieruchomosci/mieszkanie-kielce-ul-1-maja/ob/29210023;2023-01-28;;1;0;2020;
Nowe mieszkanie Kielce;Kielce, świętokrzyskie;330239;https://gratka.pl/nieruchomosci/nowe-mieszkanie-kielce/ob/29209309;2023-01-28;;2;6;2024;
Mieszkanie Kielce, ul. Gagarina;Kielce, świętokrzyskie;449000;https://gratka.pl/nieruchomosci/mieszkanie-kielce-ul-gagarina/ob/29209305;2023-01-28;;3;0;;
Mieszkanie Kielce, ul. Konarskiego;Kielce, świętokrzyskie;249000;https://gratka.pl/nieruchomosci/mieszkanie-kielce-ul-konarskiego/ob/29208389;2023-01-28;28;2;2;1970;8892,857143
Mieszkanie Kielce, ul. Konarskiego;Kielce, świętokrzyskie;270000;https://gratka.pl/nieruchomosci/mieszkanie-kielce-ul-konarskiego/ob/29205229;2023-01-28;35;2;;;7714,285714
Mieszkanie 2 pokojowe na osiedlu KSM;Kielce, świętokrzyskie;230000;https://gratka.pl/nieruchomosci/mieszkanie-2-pokojowe-na-osiedlu-ksm/oi/29204841;2023-01-28;;2;;1970;
Mieszkanie Kielce Ślichowice, ul. Sylwestra Kowalczewskiego;Kielce, Ślichowice, świętokrzyskie;428000;https://gratka.pl/nieruchomosci/mieszkanie-kielce-slichowice-ul-sylwestra-kowalczewskiego/ob/29274751;2023-01-28;;3;1;1990;
Mieszkanie Kielce, ul. Jesionowa;Kielce, świętokrzyskie;289000;https://gratka.pl/nieruchomosci/mieszkanie-kielce-ul-jesionowa/ob/29270449;2023-01-28;44;3;4;1965;6568,181818
Mieszkanie Kielce, ul. Ściegiennego;Kielce, świętokrzyskie;550000;https://gratka.pl/nieruchomosci/mieszkanie-kielce-ul-sciegiennego/ob/29290293;2023-01-28;;2;4;2022;
Mieszkanie Kielce;Kielce, świętokrzyskie;365000;https://gratka.pl/nieruchomosci/mieszkanie-kielce/ob/29258541;2023-01-28;;4;5;1974;
Mieszkanie Kielce, ul. Daszyńskiego;Kielce, świętokrzyskie;535000;https://gratka.pl/nieruchomosci/mieszkanie-kielce-ul-daszynskiego/ob/29258543;2023-01-28;;3;2;2016;
Mieszkanie Kielce Czarnów, ul. Jagiellońska;Kielce, Czarnów, świętokrzyskie;325000;https://gratka.pl/nieruchomosci/mieszkanie-kielce-czarnow-ul-jagiellonska/ob/29257505;2023-01-28;39;3;1;1970;8333,333333
Mieszkanie Kielce, ul. Wojska Polskiego;Kielce, świętokrzyskie;380000;https://gratka.pl/nieruchomosci/mieszkanie-kielce-ul-wojska-polskiego/ob/29242343;2023-01-28;;3;0;1982;
Mieszkanie Kielce Bukówka, ul. Wojska Polskiego;Kielce, Bukówka, świętokrzyskie;515000;https://gratka.pl/nieruchomosci/mieszkanie-kielce-bukowka-ul-wojska-polskiego/ob/29239883;2023-01-28;;2;1;2003;
Mieszkanie Kielce, ul. Warszawska;Kielce, świętokrzyskie;365000;https://gratka.pl/nieruchomosci/mieszkanie-kielce-ul-warszawska/ob/29238319;2023-01-28;54;3;0;;6759,259259
Mieszkanie Kielce Czarnów, ul. Lecha;Kielce, Czarnów, świętokrzyskie;355000;https://gratka.pl/nieruchomosci/mieszkanie-kielce-czarnow-ul-lecha/ob/29237817;2023-01-28;;2;2;1970;
Mieszkanie Kielce, ul. Jagiellońska;Kielce, świętokrzyskie;299000;https://gratka.pl/nieruchomosci/mieszkanie-kielce-ul-jagiellonska/ob/29237667;2023-01-28;46;2;2;1970;6500
Nowe mieszkanie Kielce Bocianek;Kielce, Bocianek, świętokrzyskie;417750;https://gratka.pl/nieruchomosci/nowe-mieszkanie-kielce-bocianek/ob/29233485;2023-01-28;;3;3;2023;
Mieszkanie Kielce Ślichowice;Kielce, Ślichowice, świętokrzyskie;399000;https://gratka.pl/nieruchomosci/mieszkanie-kielce-slichowice/ob/29233139;2023-01-28;;2;0;1993;
Mieszkanie Kielce Baranówek;Kielce, Baranówek, świętokrzyskie;559000;https://gratka.pl/nieruchomosci/mieszkanie-kielce-baranowek/ob/29232261;2023-01-28;;2;0;2022;
Nowe mieszkanie Kielce Bocianek;Kielce, Bocianek, świętokrzyskie;435948;https://gratka.pl/nieruchomosci/nowe-mieszkanie-kielce-bocianek/ob/29231893;2023-01-28;;3;0;2023;
Mieszkanie Kielce Bocianek, ul. Warszawska;Kielce, Bocianek, świętokrzyskie;265000;https://gratka.pl/nieruchomosci/mieszkanie-kielce-bocianek-ul-warszawska/ob/29269437;2023-01-28;31;2;4;1960;8548,387097
Mieszkanie Kielce, ul. Konarskiego;Kielce, świętokrzyskie;249000;https://gratka.pl/nieruchomosci/mieszkanie-kielce-ul-konarskiego/ob/29227079;2023-01-28;26;2;2;;9576,923077
Mieszkanie Kielce Czarnów, ul. Czarnowska;Kielce, Czarnów, świętokrzyskie;310000;https://gratka.pl/nieruchomosci/mieszkanie-kielce-czarnow-ul-czarnowska/ob/29226703;2023-01-28;46;3;0;;6739,130435
Mieszkanie Kielce, ul. Kryształowa;Kielce, świętokrzyskie;450000;https://gratka.pl/nieruchomosci/mieszkanie-kielce-ul-krysztalowa/ob/29225991;2023-01-28;;2;0;2016;
Mieszkanie Kielce, ul. Spółdzielcza;Kielce, świętokrzyskie;235000;https://gratka.pl/nieruchomosci/mieszkanie-kielce-ul-spoldzielcza/ob/29233657;2023-01-28;34;2;1;1968;6911,764706
Mieszkanie Kielce, ul. na Stoku;Kielce, świętokrzyskie;352900;https://gratka.pl/nieruchomosci/mieszkanie-kielce-ul-na-stoku/ob/29220777;2023-01-28;40;2;0;1980;8822,5
Mieszkanie Kielce, ul. Księdza Stanisława Konarskiego;Kielce, świętokrzyskie;270000;https://gratka.pl/nieruchomosci/mieszkanie-kielce-ul-ksiedza-stanislawa-konarskiego/ob/29220775;2023-01-28;;2;2;;
Mieszkanie Kielce, ul. Starowapiennikowa;Kielce, świętokrzyskie;630000;https://gratka.pl/nieruchomosci/mieszkanie-kielce-ul-starowapiennikowa/ob/29213491;2023-01-28;70;3;3;2018;9000
Mieszkanie Kielce, ul. Mazurska;Kielce, świętokrzyskie;435990;https://gratka.pl/nieruchomosci/mieszkanie-kielce-ul-mazurska/ob/29213267;2023-01-28;57;4;4;;7648,947368
Mieszkanie Kielce Szydłówek, ul. Klonowa;Kielce, Szydłówek, świętokrzyskie;400000;https://gratka.pl/nieruchomosci/mieszkanie-kielce-szydlowek-ul-klonowa/ob/29211005;2023-01-28;;3;2;2002;
Mieszkanie Kielce, ul. Paderewskiego;Kielce, świętokrzyskie;265000;https://gratka.pl/nieruchomosci/mieszkanie-kielce-ul-paderewskiego/ob/29299629;2023-01-29;;2;2;1960;
Mieszkanie Kielce, ul. Południowa;Kielce, świętokrzyskie;340000;https://gratka.pl/nieruchomosci/mieszkanie-kielce-ul-poludniowa/ob/29297623;2023-01-29;;3;3;;
Mieszkanie Kielce, ul. Jesionowa;Kielce, świętokrzyskie;365000;https://gratka.pl/nieruchomosci/mieszkanie-kielce-ul-jesionowa/ob/29288943;2023-01-29;;3;2;;
Mieszkanie Kielce;Kielce, świętokrzyskie;363000;https://gratka.pl/nieruchomosci/mieszkanie-kielce/ob/29326115;2023-01-29;;4;0;1965;
Mieszkanie Kielce, ul. Jagiellońska;Kielce, świętokrzyskie;295000;https://gratka.pl/nieruchomosci/mieszkanie-kielce-ul-jagiellonska/ob/29302167;2023-01-29;46;2;2;1980;6413,043478
Mieszkanie Kielce, ul. Okrzei;Kielce, świętokrzyskie;289000;https://gratka.pl/nieruchomosci/mieszkanie-kielce-ul-okrzei/ob/29282905;2023-01-29;45;2;3;1965;6422,222222
Mieszkanie Kielce, ul. Mieczysławy Ćwiklińskiej;Kielce, świętokrzyskie;419000;https://gratka.pl/nieruchomosci/mieszkanie-kielce-ul-mieczyslawy-cwiklinskiej/ob/29300571;2023-01-29;;4;5;;
Mieszkanie Kielce, ul. Żelazna;Kielce, świętokrzyskie;246000;https://gratka.pl/nieruchomosci/mieszkanie-kielce-ul-zelazna/ob/29284309;2023-01-29;;1;2;1963;
Mieszkanie Kielce, ul. Jagiellońska;Kielce, świętokrzyskie;300000;https://gratka.pl/nieruchomosci/mieszkanie-kielce-ul-jagiellonska/ob/29309503;2023-01-29;46;2;2;;6521,73913
Mieszkanie Kielce, ul. Chopina;Kielce, świętokrzyskie;298000;https://gratka.pl/nieruchomosci/mieszkanie-kielce-ul-chopina/ob/29321873;2023-01-29;;3;4;1980;
Mieszkanie Kielce, ul. Piłsudskiego;Kielce, świętokrzyskie;439000;https://gratka.pl/nieruchomosci/mieszkanie-kielce-ul-pilsudskiego/ob/29276361;2023-01-29;66;3;4;;6651,515152
Mieszkanie Kielce, ul. Jagiellońska;Kielce, świętokrzyskie;330000;https://gratka.pl/nieruchomosci/mieszkanie-kielce-ul-jagiellonska/ob/29287591;2023-01-29;49;3;0;;6734,693878
Mieszkanie Kielce, ul. Czarnowska;Kielce, świętokrzyskie;310000;https://gratka.pl/nieruchomosci/mieszkanie-kielce-ul-czarnowska/ob/29286893;2023-01-29;46;3;0;;6739,130435
Mieszkanie Kielce;Kielce, świętokrzyskie;365000;https://gratka.pl/nieruchomosci/mieszkanie-kielce/ob/29321875;2023-01-29;;3;0;1978;
Mieszkanie Kielce, ul. Barwinek;Kielce, świętokrzyskie;380000;https://gratka.pl/nieruchomosci/mieszkanie-kielce-ul-barwinek/ob/29287247;2023-01-29;56;1;0;;6785,714286
Mieszkanie Kielce;Kielce, świętokrzyskie;380000;https://gratka.pl/nieruchomosci/mieszkanie-kielce/ob/29274757;2023-01-29;54;3;1;;7037,037037
Mieszkanie Kielce, ul. na Stoku;Kielce, świętokrzyskie;450000;https://gratka.pl/nieruchomosci/mieszkanie-kielce-ul-na-stoku/ob/29316571;2023-01-29;;3;1;1985;
Mieszkanie Kielce, ul. Plac Wolności;Kielce, świętokrzyskie;210000;https://gratka.pl/nieruchomosci/mieszkanie-kielce-ul-plac-wolnosci/ob/29325245;2023-01-29;;1;0;1954;
Mieszkanie Kielce, ul. Czarnowska;Kielce, świętokrzyskie;255000;https://gratka.pl/nieruchomosci/mieszkanie-kielce-ul-czarnowska/ob/29327791;2023-01-29;35;2;5;1980;7285,714286
Mieszkanie Kielce, ul. bp. Czesława Kaczmarka;Kielce, świętokrzyskie;235000;https://gratka.pl/nieruchomosci/mieszkanie-kielce-ul-bp-czeslawa-kaczmarka/ob/29277035;2023-01-29;32;1;9;1980;7343,75
Mieszkanie Kielce, ul. Massalskiego;Kielce, świętokrzyskie;460000;https://gratka.pl/nieruchomosci/mieszkanie-kielce-ul-massalskiego/ob/29277561;2023-01-29;;3;1;2000;
Mieszkanie Kielce, ul. Osiedle na Stoku;Kielce, świętokrzyskie;469000;https://gratka.pl/nieruchomosci/mieszkanie-kielce-ul-osiedle-na-stoku/ob/29301251;2023-01-29;;3;2;1987;
Mieszkanie Kielce, ul. Edmunda Massalskiego;Kielce, świętokrzyskie;460000;https://gratka.pl/nieruchomosci/mieszkanie-kielce-ul-edmunda-massalskiego/ob/29276743;2023-01-29;;3;2;;
Mieszkanie Kielce, ul. Spółdzielcza;Kielce, świętokrzyskie;260000;https://gratka.pl/nieruchomosci/mieszkanie-kielce-ul-spoldzielcza/ob/29322125;2023-01-29;34;2;2;;7647,058824
Nowe mieszkanie Kielce Bocianek;Kielce, Bocianek, świętokrzyskie;536320;https://gratka.pl/nieruchomosci/nowe-mieszkanie-kielce-bocianek/ob/29287929;2023-01-29;;3;2;2024;
Mieszkanie Kielce;Kielce, świętokrzyskie;394900;https://gratka.pl/nieruchomosci/mieszkanie-kielce/ob/29287587;2023-01-29;48;2;4;2000;8227,083333
Nowe mieszkanie Kielce, ul. Prosta;Kielce, świętokrzyskie;602910;https://gratka.pl/nieruchomosci/nowe-mieszkanie-kielce-ul-prosta/ob/29282103;2023-01-29;;3;0;2022;
Mieszkanie Kielce, ul. Fałdowa;Kielce, świętokrzyskie;303000;https://gratka.pl/nieruchomosci/mieszkanie-kielce-ul-faldowa/ob/29316849;2023-01-29;36;1;2;2005;8416,666667
Mieszkanie Kielce, ul. Marszałkowska 5;Kielce, świętokrzyskie;497000;https://gratka.pl/nieruchomosci/mieszkanie-kielce-ul-marszalkowska-5/ob/29328307;2023-01-29;;4;0;1965;
Mieszkanie Kielce, ul. Jagiellońska;Kielce, świętokrzyskie;345000;https://gratka.pl/nieruchomosci/mieszkanie-kielce-ul-jagiellonska/ob/29314425;2023-01-29;40;2;3;1964;8625
Nowe mieszkanie Kielce, ul. Bohaterów Warszawy;Kielce, świętokrzyskie;458925;https://gratka.pl/nieruchomosci/nowe-mieszkanie-kielce-ul-bohaterow-warszawy/ob/29323293;2023-01-29;;3;0;2024;
Mieszkanie Kielce, ul. Kołłątaja;Kielce, świętokrzyskie;495000;https://gratka.pl/nieruchomosci/mieszkanie-kielce-ul-kollataja/ob/29310547;2023-01-29;;3;3;2010;
Nowe Mieszkanie KIELCE ul. Lotnicza;Kielce, świętokrzyskie;699000;https://gratka.pl/nieruchomosci/nowe-mieszkanie-kielce-ul-lotnicza/oi/29287307;2023-01-29;;4;4;2021;
Mieszkanie Kielce, ul. Wyspiańskiego;Kielce, świętokrzyskie;635000;https://gratka.pl/nieruchomosci/mieszkanie-kielce-ul-wyspianskiego/ob/29316299;2023-01-29;;3;3;2016;
Mieszkanie Kielce, ul. Jurajska;Kielce, świętokrzyskie;650000;https://gratka.pl/nieruchomosci/mieszkanie-kielce-ul-jurajska/ob/29331267;2023-01-29;;4;3;;
Mieszkanie Kielce, ul. Starowapiennikowa;Kielce, świętokrzyskie;645000;https://gratka.pl/nieruchomosci/mieszkanie-kielce-ul-starowapiennikowa/ob/29288575;2023-01-29;70;3;3;2018;9214,285714
Mieszkanie Kielce;Kielce, świętokrzyskie;872000;https://gratka.pl/nieruchomosci/mieszkanie-kielce/ob/29325249;2023-01-29;;2;15;2022;
Nowe mieszkanie Kielce Baranówek, ul. Artylerzystów;Kielce, Baranówek, świętokrzyskie;1084900;https://gratka.pl/nieruchomosci/nowe-mieszkanie-kielce-baranowek-ul-artylerzystow/ob/29335627;2023-01-29;;4;2;2023;
Mieszkanie +lokal handlowy +udział w gruncie 1416m2;Kielce, świętokrzyskie;1400000;https://gratka.pl/nieruchomosci/mieszkanie-lokal-handlowy-udzial-w-gruncie-1416m2/oi/29275625;2023-01-29;80;3;;1973;17500
Mieszkanie Kielce, ul. Skorupki;Kielce, świętokrzyskie;490000;https://gratka.pl/nieruchomosci/mieszkanie-kielce-ul-skorupki/ob/29343657;2023-01-30;;3;3;2008;
Mieszkanie Kielce, ul. Źródłowa;Kielce, świętokrzyskie;270000;https://gratka.pl/nieruchomosci/mieszkanie-kielce-ul-zrodlowa/ob/29342463;2023-01-30;;2;3;1957;
Mieszkanie 49 m2, Kielce, Barwinek;Kielce, Barwinek, świętokrzyskie;300000;https://gratka.pl/nieruchomosci/mieszkanie-49-m2-kielce-barwinek/oi/29339657;2023-01-30;;2;4;1985;
Mieszkanie Kielce, ul. Zagórska;Kielce, świętokrzyskie;299000;https://gratka.pl/nieruchomosci/mieszkanie-kielce-ul-zagorska/ob/29338643;2023-01-30;;2;2;;
Mieszkanie Kielce Szydłówek, ul. Zamenhofa;Kielce, Szydłówek, świętokrzyskie;415000;https://gratka.pl/nieruchomosci/mieszkanie-kielce-szydlowek-ul-zamenhofa/ob/29338639;2023-01-30;52;3;2;;7980,769231
Mieszkanie Kielce Szydłówek;Kielce, Szydłówek, świętokrzyskie;365000;https://gratka.pl/nieruchomosci/mieszkanie-kielce-szydlowek/ob/29321875;2023-01-30;;3;0;1978;
Mieszkanie Kielce, ul. Karłowicza;Kielce, świętokrzyskie;315000;https://gratka.pl/nieruchomosci/mieszkanie-kielce-ul-karlowicza/ob/29346777;2023-01-31;;3;5;;
Mieszkanie Kielce, ul. Raciborskiego;Kielce, świętokrzyskie;359000;https://gratka.pl/nieruchomosci/mieszkanie-kielce-ul-raciborskiego/ob/29346597;2023-01-31;;2;3;1997;
Mieszkanie Kielce, ul. Zagórska;Kielce, świętokrzyskie;340000;https://gratka.pl/nieruchomosci/mieszkanie-kielce-ul-zagorska/ob/29346585;2023-01-31;;3;3;1967;
Nowe mieszkanie Kielce, ul. Sandomierska;Kielce, świętokrzyskie;501280;https://gratka.pl/nieruchomosci/nowe-mieszkanie-kielce-ul-sandomierska/ob/29345493;2023-01-31;;4;1;2023;
Mieszkanie Kielce, ul. Zagórska;Kielce, świętokrzyskie;325000;https://gratka.pl/nieruchomosci/mieszkanie-kielce-ul-zagorska/ob/29345227;2023-01-31;37;2;0;1970;8783,783784
Mieszkanie Kielce, ul. Zagórska;Kielce, świętokrzyskie;299000;https://gratka.pl/nieruchomosci/mieszkanie-kielce-ul-zagorska/ob/29344411;2023-01-31;;2;4;1970;
Mieszkanie Kielce Bocianek;Kielce, Bocianek, świętokrzyskie;515000;https://gratka.pl/nieruchomosci/mieszkanie-kielce-bocianek/ob/29344227;2023-01-31;;3;4;2013;
Mieszkanie Kielce Czarnów, ul. Kolberga;Kielce, Czarnów, świętokrzyskie;745758;https://gratka.pl/nieruchomosci/mieszkanie-kielce-czarnow-ul-kolberga/ob/29351985;2023-01-31;;5;5;2023;
Mieszkanie Kielce Czarnów, ul. Kolberga;Kielce, Czarnów, świętokrzyskie;694044;https://gratka.pl/nieruchomosci/mieszkanie-kielce-czarnow-ul-kolberga/ob/29351987;2023-01-31;;4;5;2023;
Mieszkanie Kielce Czarnów, ul. Kolberga;Kielce, Czarnów, świętokrzyskie;427367;https://gratka.pl/nieruchomosci/mieszkanie-kielce-czarnow-ul-kolberga/ob/29351983;2023-01-31;;2;5;2023;
Mieszkanie Kielce Czarnów, ul. Kolberga;Kielce, Czarnów, świętokrzyskie;420086;https://gratka.pl/nieruchomosci/mieszkanie-kielce-czarnow-ul-kolberga/ob/29351989;2023-01-31;;3;5;2023;
Mieszkanie Kielce Czarnów, ul. Kolberga;Kielce, Czarnów, świętokrzyskie;395240;https://gratka.pl/nieruchomosci/mieszkanie-kielce-czarnow-ul-kolberga/ob/29351995;2023-01-31;;3;5;2023;
Mieszkanie Kielce Czarnów, ul. Kolberga;Kielce, Czarnów, świętokrzyskie;659724;https://gratka.pl/nieruchomosci/mieszkanie-kielce-czarnow-ul-kolberga/ob/29351993;2023-01-31;;5;5;2023;
Mieszkanie Kielce Czarnów, ul. Kolberga;Kielce, Czarnów, świętokrzyskie;551089;https://gratka.pl/nieruchomosci/mieszkanie-kielce-czarnow-ul-kolberga/ob/29352021;2023-01-31;;3;3;2023;
Mieszkanie Kielce Czarnów, ul. Kolberga;Kielce, Czarnów, świętokrzyskie;824304;https://gratka.pl/nieruchomosci/mieszkanie-kielce-czarnow-ul-kolberga/ob/29351997;2023-01-31;;5;5;2023;
Mieszkanie Kielce Czarnów, ul. Kolberga;Kielce, Czarnów, świętokrzyskie;409508;https://gratka.pl/nieruchomosci/mieszkanie-kielce-czarnow-ul-kolberga/ob/29351991;2023-01-31;;2;5;2023;
Mieszkanie Kielce Czarnów, ul. Kolberga;Kielce, Czarnów, świętokrzyskie;503388;https://gratka.pl/nieruchomosci/mieszkanie-kielce-czarnow-ul-kolberga/ob/29352009;2023-01-31;;3;4;2023;
Mieszkanie Kielce Czarnów, ul. Kolberga;Kielce, Czarnów, świętokrzyskie;545840;https://gratka.pl/nieruchomosci/mieszkanie-kielce-czarnow-ul-kolberga/ob/29352013;2023-01-31;;3;4;2023;
Mieszkanie Kielce Czarnów, ul. Kolberga;Kielce, Czarnów, świętokrzyskie;355224;https://gratka.pl/nieruchomosci/mieszkanie-kielce-czarnow-ul-kolberga/ob/29352017;2023-01-31;;2;3;2023;
Mieszkanie Kielce Czarnów, ul. Kolberga;Kielce, Czarnów, świętokrzyskie;545811;https://gratka.pl/nieruchomosci/mieszkanie-kielce-czarnow-ul-kolberga/ob/29352005;2023-01-31;;4;4;2023;
Mieszkanie Kielce Czarnów, ul. Kolberga;Kielce, Czarnów, świętokrzyskie;558246;https://gratka.pl/nieruchomosci/mieszkanie-kielce-czarnow-ul-kolberga/ob/29352007;2023-01-31;;3;4;2023;
Mieszkanie Kielce Czarnów, ul. Kolberga;Kielce, Czarnów, świętokrzyskie;419430;https://gratka.pl/nieruchomosci/mieszkanie-kielce-czarnow-ul-kolberga/ob/29351999;2023-01-31;;2;5;2023;
Mieszkanie Kielce Czarnów, ul. Kolberga;Kielce, Czarnów, świętokrzyskie;353338;https://gratka.pl/nieruchomosci/mieszkanie-kielce-czarnow-ul-kolberga/ob/29352027;2023-01-31;;2;3;2023;
Mieszkanie Kielce Czarnów, ul. Kolberga;Kielce, Czarnów, świętokrzyskie;506785;https://gratka.pl/nieruchomosci/mieszkanie-kielce-czarnow-ul-kolberga/ob/29352015;2023-01-31;;3;4;2023;
Mieszkanie Kielce Czarnów, ul. Kolberga;Kielce, Czarnów, świętokrzyskie;403112;https://gratka.pl/nieruchomosci/mieszkanie-kielce-czarnow-ul-kolberga/ob/29352001;2023-01-31;;2;5;2023;
Mieszkanie Kielce Czarnów, ul. Kolberga;Kielce, Czarnów, świętokrzyskie;459520;https://gratka.pl/nieruchomosci/mieszkanie-kielce-czarnow-ul-kolberga/ob/29352011;2023-01-31;;3;4;2023;
Mieszkanie Kielce Czarnów, ul. Kolberga;Kielce, Czarnów, świętokrzyskie;545811;https://gratka.pl/nieruchomosci/mieszkanie-kielce-czarnow-ul-kolberga/ob/29352019;2023-01-31;;4;3;2023;
Mieszkanie Kielce Czarnów, ul. Kolberga;Kielce, Czarnów, świętokrzyskie;321246;https://gratka.pl/nieruchomosci/mieszkanie-kielce-czarnow-ul-kolberga/ob/29352049;2023-01-31;;2;2;2023;
Mieszkanie Kielce Czarnów, ul. Kolberga;Kielce, Czarnów, świętokrzyskie;369878;https://gratka.pl/nieruchomosci/mieszkanie-kielce-czarnow-ul-kolberga/ob/29352083;2023-01-31;;3;1;2023;
Mieszkanie Kielce Czarnów, ul. Kolberga;Kielce, Czarnów, świętokrzyskie;345840;https://gratka.pl/nieruchomosci/mieszkanie-kielce-czarnow-ul-kolberga/ob/29352031;2023-01-31;;2;2;2023;
Mieszkanie Kielce Czarnów, ul. Kolberga;Kielce, Czarnów, świętokrzyskie;296541;https://gratka.pl/nieruchomosci/mieszkanie-kielce-czarnow-ul-kolberga/ob/29352097;2023-01-31;;2;1;2023;
Mieszkanie Kielce Czarnów, ul. Kolberga;Kielce, Czarnów, świętokrzyskie;321246;https://gratka.pl/nieruchomosci/mieszkanie-kielce-czarnow-ul-kolberga/ob/29352073;2023-01-31;;2;1;2023;
Mieszkanie Kielce Czarnów, ul. Kolberga;Kielce, Czarnów, świętokrzyskie;427785;https://gratka.pl/nieruchomosci/mieszkanie-kielce-czarnow-ul-kolberga/ob/29352039;2023-01-31;;3;2;2023;
Mieszkanie Kielce Czarnów, ul. Kolberga;Kielce, Czarnów, świętokrzyskie;324225;https://gratka.pl/nieruchomosci/mieszkanie-kielce-czarnow-ul-kolberga/ob/29352101;2023-01-31;;2;0;2023;
Mieszkanie Kielce Czarnów, ul. Kolberga;Kielce, Czarnów, świętokrzyskie;496200;https://gratka.pl/nieruchomosci/mieszkanie-kielce-czarnow-ul-kolberga/ob/29352125;2023-01-31;;4;0;2023;
Mieszkanie Kielce Czarnów, ul. Kolberga;Kielce, Czarnów, świętokrzyskie;486676;https://gratka.pl/nieruchomosci/mieszkanie-kielce-czarnow-ul-kolberga/ob/29352109;2023-01-31;;3;0;2023;
Mieszkanie Kielce Czarnów, ul. Kolberga;Kielce, Czarnów, świętokrzyskie;356606;https://gratka.pl/nieruchomosci/mieszkanie-kielce-czarnow-ul-kolberga/ob/29352069;2023-01-31;;2;1;2023;
Mieszkanie Kielce Czarnów, ul. Kolberga;Kielce, Czarnów, świętokrzyskie;524472;https://gratka.pl/nieruchomosci/mieszkanie-kielce-czarnow-ul-kolberga/ob/29352053;2023-01-31;;4;2;2023;
Mieszkanie Kielce Czarnów, ul. Kolberga;Kielce, Czarnów, świętokrzyskie;344720;https://gratka.pl/nieruchomosci/mieszkanie-kielce-czarnow-ul-kolberga/ob/29352055;2023-01-31;;2;2;2023;
Mieszkanie Kielce Czarnów, ul. Kolberga;Kielce, Czarnów, świętokrzyskie;300202;https://gratka.pl/nieruchomosci/mieszkanie-kielce-czarnow-ul-kolberga/ob/29352057;2023-01-31;;2;2;2023;
Mieszkanie Kielce Czarnów, ul. Kolberga;Kielce, Czarnów, świętokrzyskie;344720;https://gratka.pl/nieruchomosci/mieszkanie-kielce-czarnow-ul-kolberga/ob/29352095;2023-01-31;;2;1;2023;
Mieszkanie Kielce, ul. Ceglana;Kielce, świętokrzyskie;610000;https://gratka.pl/nieruchomosci/mieszkanie-kielce-ul-ceglana/ob/29373437;2023-02-01;;3;2;2012;
Mieszkanie Kielce, ul. Spółdzielcza;Kielce, świętokrzyskie;319000;https://gratka.pl/nieruchomosci/mieszkanie-kielce-ul-spoldzielcza/ob/29368711;2023-02-01;38;2;1;;8394,736842
Mieszkanie Kielce, ul. Szkolna;Kielce, świętokrzyskie;234900;https://gratka.pl/nieruchomosci/mieszkanie-kielce-ul-szkolna/ob/29367293;2023-02-01;27;1;0;1974;8700
Nowe mieszkanie Kielce, ul. Warszawska;Kielce, świętokrzyskie;339800;https://gratka.pl/nieruchomosci/nowe-mieszkanie-kielce-ul-warszawska/ob/29364675;2023-02-01;;2;3;2023;
Nowe mieszkanie Kielce;Kielce, świętokrzyskie;404900;https://gratka.pl/nieruchomosci/nowe-mieszkanie-kielce/ob/29364491;2023-02-01;56;3;0;2021;7230,357143
Mieszkanie Kielce, ul. Pomorska;Kielce, świętokrzyskie;335000;https://gratka.pl/nieruchomosci/mieszkanie-kielce-ul-pomorska/ob/29364405;2023-02-01;;3;0;1970;
Mieszkanie Kielce, ul. Okrzei;Kielce, świętokrzyskie;897750;https://gratka.pl/nieruchomosci/mieszkanie-kielce-ul-okrzei/ob/29364403;2023-02-01;;4;1;2019;
Mieszkanie Kielce, ul. Zagórska;Kielce, świętokrzyskie;269000;https://gratka.pl/nieruchomosci/mieszkanie-kielce-ul-zagorska/ob/29362125;2023-02-01;;1;4;;
Nowe mieszkanie Kielce;Kielce, świętokrzyskie;777000;https://gratka.pl/nieruchomosci/nowe-mieszkanie-kielce/ob/29360639;2023-02-01;116;5;1;2023;6698,275862
Mieszkanie Kielce Bocianek, ul. Wyspiańskiego;Kielce, Bocianek, świętokrzyskie;587000;https://gratka.pl/nieruchomosci/mieszkanie-kielce-bocianek-ul-wyspianskiego/ob/29360455;2023-02-01;;3;1;2014;
Mieszkanie Kielce;Kielce, świętokrzyskie;379000;https://gratka.pl/nieruchomosci/mieszkanie-kielce/ob/29359503;2023-02-01;53;2;8;1978;7150,943396
Mieszkanie Kielce, ul. Kilińskiego Mała;Kielce, świętokrzyskie;277000;https://gratka.pl/nieruchomosci/mieszkanie-kielce-ul-kilinskiego-mala/ob/29358391;2023-02-01;;2;0;;
Mieszkanie Kielce, ul. Mazurska;Kielce, świętokrzyskie;435000;https://gratka.pl/nieruchomosci/mieszkanie-kielce-ul-mazurska/ob/29357733;2023-02-01;;4;4;1968;
Mieszkanie Kielce Szydłówek, ul. Turystyczna;Kielce, Szydłówek, świętokrzyskie;540090;https://gratka.pl/nieruchomosci/mieszkanie-kielce-szydlowek-ul-turystyczna/ob/29368005;2023-02-01;;3;1;2023;
Mieszkanie Kielce Czarnów, ul. Kolberga;Kielce, Czarnów, świętokrzyskie;401636;https://gratka.pl/nieruchomosci/mieszkanie-kielce-czarnow-ul-kolberga/ob/29352003;2023-02-01;;2;4;2023;
Mieszkanie Kielce, ul. bp. Mieczysława Jaworskiego;Kielce, świętokrzyskie;315000;https://gratka.pl/nieruchomosci/mieszkanie-kielce-ul-bp-mieczyslawa-jaworskiego/ob/29389929;2023-02-02;;2;2;1979;
Mieszkanie Kielce, ul. Pomorska;Kielce, świętokrzyskie;325000;https://gratka.pl/nieruchomosci/mieszkanie-kielce-ul-pomorska/ob/29388073;2023-02-02;57;3;0;;5701,754386
Mieszkanie Kielce, ul. Ściegiennego;Kielce, świętokrzyskie;444900;https://gratka.pl/nieruchomosci/mieszkanie-kielce-ul-sciegiennego/ob/29383219;2023-02-02;;3;1;2002;
Mieszkanie Kielce, ul. Ściegiennego;Kielce, świętokrzyskie;299900;https://gratka.pl/nieruchomosci/mieszkanie-kielce-ul-sciegiennego/ob/29383031;2023-02-02;40;2;2;2002;7497,5
Mieszkanie Kielce, ul. Piekoszowska;Kielce, świętokrzyskie;180900;https://gratka.pl/nieruchomosci/mieszkanie-kielce-ul-piekoszowska/ob/29382881;2023-02-02;20;1;2;;9045
Mieszkanie Kielce, ul. Wojewódzka;Kielce, świętokrzyskie;220000;https://gratka.pl/nieruchomosci/mieszkanie-kielce-ul-wojewodzka/ob/29378815;2023-02-02;;1;0;;
Mieszkanie Kielce, ul. Spółdzielcza;Kielce, świętokrzyskie;259000;https://gratka.pl/nieruchomosci/mieszkanie-kielce-ul-spoldzielcza/ob/29378785;2023-02-02;34;2;2;;7617,647059
Mieszkanie Kielce Herby;Kielce, Herby, świętokrzyskie;229900;https://gratka.pl/nieruchomosci/mieszkanie-kielce-herby/ob/29378259;2023-02-02;33;1;0;1986;6966,666667
Mieszkanie Kielce, ul. Prosta;Kielce, świętokrzyskie;299000;https://gratka.pl/nieruchomosci/mieszkanie-kielce-ul-prosta/ob/29377143;2023-02-02;;2;9;;
Mieszkanie Kielce;Kielce, świętokrzyskie;344900;https://gratka.pl/nieruchomosci/mieszkanie-kielce/ob/29377121;2023-02-02;35;2;1;2011;9854,285714
Mieszkanie Kielce;Kielce, świętokrzyskie;299000;https://gratka.pl/nieruchomosci/mieszkanie-kielce/ob/29375623;2023-02-02;43;2;5;1980;6953,488372
Mieszkanie Kielce Czarnów, ul. Czarnowska;Kielce, Czarnów, świętokrzyskie;255000;https://gratka.pl/nieruchomosci/mieszkanie-kielce-czarnow-ul-czarnowska/ob/29327791;2023-02-02;35;2;5;1980;7285,714286
Mieszkanie Kielce;Kielce, świętokrzyskie;267000;https://gratka.pl/nieruchomosci/mieszkanie-kielce/ob/29400719;2023-02-03;50;2;;1962;5340
Mieszkanie Kielce, ul. Piłsudskiego;Kielce, świętokrzyskie;464900;https://gratka.pl/nieruchomosci/mieszkanie-kielce-ul-pilsudskiego/ob/29399281;2023-02-03;60;3;;1982;7748,333333
Nowe mieszkanie Kielce;Kielce, świętokrzyskie;365000;https://gratka.pl/nieruchomosci/nowe-mieszkanie-kielce/ob/29398223;2023-02-03;40;2;;;9125
Mieszkanie Kielce Barwinek, ul. Barwinek;Kielce, Barwinek, świętokrzyskie;315000;https://gratka.pl/nieruchomosci/mieszkanie-kielce-barwinek-ul-barwinek/ob/29397953;2023-02-03;;2;;;
Mieszkanie Kielce;Kielce, świętokrzyskie;325000;https://gratka.pl/nieruchomosci/mieszkanie-kielce/ob/29396993;2023-02-03;35;2;;1966;9285,714286
Nowe mieszkanie Kielce;Kielce, świętokrzyskie;374400;https://gratka.pl/nieruchomosci/nowe-mieszkanie-kielce/ob/29396995;2023-02-03;;2;;2023;
Mieszkanie Kielce Szydłówek;Kielce, Szydłówek, świętokrzyskie;399000;https://gratka.pl/nieruchomosci/mieszkanie-kielce-szydlowek/ob/29396991;2023-02-03;50;3;;1969;7980
Mieszkanie Kielce;Kielce, świętokrzyskie;399000;https://gratka.pl/nieruchomosci/mieszkanie-kielce/ob/29396989;2023-02-03;50;3;;1970;7980
Mieszkanie Kielce;Kielce, świętokrzyskie;530000;https://gratka.pl/nieruchomosci/mieszkanie-kielce/ob/29395341;2023-02-03;;3;;2008;
Nowe mieszkanie Kielce, ul. Księdza Piotra Ściegiennego 1a;Kielce, świętokrzyskie;618194;https://gratka.pl/nieruchomosci/nowe-mieszkanie-kielce-ul-ksiedza-piotra-sciegiennego-1a/ob/29392521;2023-02-03;;3;;;
Mieszkanie Kielce Czarnów;Kielce, Czarnów, świętokrzyskie;255000;https://gratka.pl/nieruchomosci/mieszkanie-kielce-czarnow/ob/29327791;2023-02-03;35;2;;1980;7285,714286
Mieszkanie Kielce;Kielce, świętokrzyskie;306000;https://gratka.pl/nieruchomosci/mieszkanie-kielce/ob/29412919;2023-02-04;;2;;1965;
Mieszkanie Kielce, ul. Słoneczna;Kielce, świętokrzyskie;264900;https://gratka.pl/nieruchomosci/mieszkanie-kielce-ul-sloneczna/ob/29412039;2023-02-04;;2;;;
Mieszkanie Kielce, ul. Wojska Polskiego;Kielce, świętokrzyskie;555000;https://gratka.pl/nieruchomosci/mieszkanie-kielce-ul-wojska-polskiego/ob/29411991;2023-02-04;100;4;;;5550
Mieszkanie Kielce;Kielce, świętokrzyskie;335000;https://gratka.pl/nieruchomosci/mieszkanie-kielce/ob/29407989;2023-02-04;;2;;;
Mieszkanie Kielce Barwinek;Kielce, Barwinek, świętokrzyskie;444900;https://gratka.pl/nieruchomosci/mieszkanie-kielce-barwinek/ob/29406779;2023-02-04;;3;;2001;
Mieszkanie Kielce;Kielce, świętokrzyskie;266000;https://gratka.pl/nieruchomosci/mieszkanie-kielce/ob/29406775;2023-02-04;32;1;;1962;8312,5
Mieszkanie Kielce;Kielce, świętokrzyskie;370000;https://gratka.pl/nieruchomosci/mieszkanie-kielce/ob/29406491;2023-02-04;31;2;;2022;11935,48387
Nowe mieszkanie Kielce, ul. Śniadeckich;Kielce, świętokrzyskie;655275;https://gratka.pl/nieruchomosci/nowe-mieszkanie-kielce-ul-sniadeckich/ob/29420055;2023-02-05;;4;0;2021;
Mieszkanie Kielce, ul. Słoneczna;Kielce, świętokrzyskie;300000;https://gratka.pl/nieruchomosci/mieszkanie-kielce-ul-sloneczna/ob/29418677;2023-02-05;;2;1;1975;
Mieszkanie Kielce, ul. Kruszcowa;Kielce, świętokrzyskie;336000;https://gratka.pl/nieruchomosci/mieszkanie-kielce-ul-kruszcowa/ob/29425133;2023-02-06;;3;0;;
Mieszkanie Kielce, ul. Juliusza Słowackiego;Kielce, świętokrzyskie;270000;https://gratka.pl/nieruchomosci/mieszkanie-kielce-ul-juliusza-slowackiego/ob/29435885;2023-02-07;40;1;1;;6750
Mieszkanie Kielce Bocianek;Kielce, Bocianek, świętokrzyskie;586000;https://gratka.pl/nieruchomosci/mieszkanie-kielce-bocianek/ob/29435629;2023-02-07;66;3;1;2014;8878,787879
Nowe mieszkanie Kielce Bocianek;Kielce, Bocianek, świętokrzyskie;278000;https://gratka.pl/nieruchomosci/nowe-mieszkanie-kielce-bocianek/ob/29432967;2023-02-07;28;1;4;2023;9928,571429
Nowe mieszkanie Kielce;Kielce, świętokrzyskie;375000;https://gratka.pl/nieruchomosci/nowe-mieszkanie-kielce/ob/29432963;2023-02-07;;2;1;2023;
Nowe mieszkanie Kielce Szydłówek;Kielce, Szydłówek, świętokrzyskie;399000;https://gratka.pl/nieruchomosci/nowe-mieszkanie-kielce-szydlowek/ob/29432777;2023-02-07;42;2;3;2023;9500
Mieszkanie Kielce, ul. Tektoniczna;Kielce, świętokrzyskie;265000;https://gratka.pl/nieruchomosci/mieszkanie-kielce-ul-tektoniczna/ob/29431021;2023-02-07;33;1;1;;8030,30303
Mieszkanie Kielce Nowy Folwark, ul. Morcinka;Kielce, NowyFolwark, świętokrzyskie;430000;https://gratka.pl/nieruchomosci/mieszkanie-kielce-nowy-folwark-ul-morcinka/ob/29430617;2023-02-07;;3;0;2014;
Mieszkanie Kielce;Kielce, świętokrzyskie;275000;https://gratka.pl/nieruchomosci/mieszkanie-kielce/ob/29429515;2023-02-07;;2;2;;
Mieszkanie Kielce, ul. Mazurska;Kielce, świętokrzyskie;280000;https://gratka.pl/nieruchomosci/mieszkanie-kielce-ul-mazurska/ob/29453527;2023-02-08;;2;9;1974;
Mieszkanie Kielce;Kielce, świętokrzyskie;315000;https://gratka.pl/nieruchomosci/mieszkanie-kielce/ob/29449577;2023-02-08;40;2;1;1985;7875
Mieszkanie Kielce;Kielce, świętokrzyskie;425000;https://gratka.pl/nieruchomosci/mieszkanie-kielce/ob/29449555;2023-02-08;49;3;2;1985;8673,469388
Mieszkanie Kielce;Kielce, świętokrzyskie;340000;https://gratka.pl/nieruchomosci/mieszkanie-kielce/ob/29447121;2023-02-08;;3;1;1967;
Mieszkanie Kielce Ślichowice, ul. Jurajska;Kielce, Ślichowice, świętokrzyskie;310000;https://gratka.pl/nieruchomosci/mieszkanie-kielce-slichowice-ul-jurajska/ob/29444483;2023-02-08;33;2;3;1998;9393,939394
Mieszkanie Kielce, ul. Słoneczna;Kielce, świętokrzyskie;397000;https://gratka.pl/nieruchomosci/mieszkanie-kielce-ul-sloneczna/ob/29461661;2023-02-09;;3;4;1980;
Nowe mieszkanie Kielce Bocianek;Kielce, Bocianek, świętokrzyskie;573468;https://gratka.pl/nieruchomosci/nowe-mieszkanie-kielce-bocianek/ob/29460075;2023-02-09;;3;5;2024;
Nowe mieszkanie Kielce Bocianek;Kielce, Bocianek, świętokrzyskie;445257;https://gratka.pl/nieruchomosci/nowe-mieszkanie-kielce-bocianek/ob/29459713;2023-02-09;;3;0;2023;
Mieszkanie Kielce Bocianek;Kielce, Bocianek, świętokrzyskie;277000;https://gratka.pl/nieruchomosci/mieszkanie-kielce-bocianek/ob/29456953;2023-02-09;40;2;1;1976;6925
Nowe mieszkanie Kielce;Kielce, świętokrzyskie;344755;https://gratka.pl/nieruchomosci/nowe-mieszkanie-kielce/ob/29456731;2023-02-09;;2;9;2024;
Mieszkanie Kielce Czarnów;Kielce, Czarnów, świętokrzyskie;255000;https://gratka.pl/nieruchomosci/mieszkanie-kielce-czarnow/ob/29456533;2023-02-09;37;2;3;1969;6891,891892
Mieszkanie Kielce, ul. Sandomierska;Kielce, świętokrzyskie;379000;https://gratka.pl/nieruchomosci/mieszkanie-kielce-ul-sandomierska/ob/29473773;2023-02-10;59;3;6;1970;6423,728814
Mieszkanie Kielce, ul. na Stoku 16;Kielce, świętokrzyskie;309000;https://gratka.pl/nieruchomosci/mieszkanie-kielce-ul-na-stoku-16/ob/29473449;2023-02-10;;2;1;1986;
Mieszkanie Kielce Herby;Kielce, Herby, świętokrzyskie;397000;https://gratka.pl/nieruchomosci/mieszkanie-kielce-herby/ob/29471531;2023-02-10;;3;6;;
Mieszkanie Kielce, ul. Żelazna;Kielce, świętokrzyskie;220000;https://gratka.pl/nieruchomosci/mieszkanie-kielce-ul-zelazna/ob/29469747;2023-02-10;23;1;1;1956;9565,217391
Mieszkanie Kielce, ul. Wiosenna;Kielce, świętokrzyskie;220000;https://gratka.pl/nieruchomosci/mieszkanie-kielce-ul-wiosenna/ob/29468535;2023-02-10;;1;1;1975;
Mieszkanie Kielce;Kielce, świętokrzyskie;335000;https://gratka.pl/nieruchomosci/mieszkanie-kielce/ob/29468385;2023-02-10;;3;3;1972;
Mieszkanie Kielce;Kielce, świętokrzyskie;434900;https://gratka.pl/nieruchomosci/mieszkanie-kielce/ob/29493713;2023-02-12;;3;1;1980;
Mieszkanie Kielce;Kielce, świętokrzyskie;647000;https://gratka.pl/nieruchomosci/mieszkanie-kielce/ob/29493709;2023-02-12;99;4;0;;6535,353535
Mieszkanie, balko, garaż, taras, OKAZJA;Kielce, Karczówka, świętokrzyskie;495000;https://gratka.pl/nieruchomosci/mieszkanie-balko-garaz-taras-okazja/oi/29485151;2023-02-12;62;3;0;2008;7983,870968
Mieszkanie Kielce Ślichowice, ul. Raciborskiego;Kielce, Ślichowice, świętokrzyskie;430000;https://gratka.pl/nieruchomosci/mieszkanie-kielce-slichowice-ul-raciborskiego/ob/29480711;2023-02-12;;3;3;1998;
Mieszkanie Kielce;Kielce, świętokrzyskie;540000;https://gratka.pl/nieruchomosci/mieszkanie-kielce/ob/29480365;2023-02-12;;2;2;2020;
