tytul_ogloszenia,Lokalizacja,Cena,link_ogloszenia,Data,Powierzchnia,liczba_pokoi,Pietro,Rok budowy,cena_za_metr
Nowe mieszkanie Kielce,"Kielce, swietokrzyskie",528656.0,https://gratka.pl/nieruchomosci/nowe-mieszkanie-kielce/ob/29210405,2023-01-28,56.24,3,2.0,2021.0,9400.0
"Mieszkanie Kielce, ul. 1 Maja","Kielce, swietokrzyskie",299000.0,https://gratka.pl/nieruchomosci/mieszkanie-kielce-ul-1-maja/ob/29210023,2023-01-28,27.68,1,0.0,2020.0,10802.023121387283
Nowe mieszkanie Kielce,"Kielce, swietokrzyskie",330239.0,https://gratka.pl/nieruchomosci/nowe-mieszkanie-kielce/ob/29209309,2023-01-28,36.29,2,6.0,2024.0,9100.0
"Mieszkanie Kielce, ul. Gagarina","Kielce, swietokrzyskie",449000.0,https://gratka.pl/nieruchomosci/mieszkanie-kielce-ul-gagarina/ob/29209305,2023-01-28,60.65,3,0.0,,7403.13272877164
"Mieszkanie Kielce, ul. Konarskiego","Kielce, swietokrzyskie",249000.0,https://gratka.pl/nieruchomosci/mieszkanie-kielce-ul-konarskiego/ob/29208389,2023-01-28,28.0,2,2.0,1970.0,8892.857142857143
"Mieszkanie Kielce, ul. Konarskiego","Kielce, swietokrzyskie",270000.0,https://gratka.pl/nieruchomosci/mieszkanie-kielce-ul-konarskiego/ob/29205229,2023-01-28,35.0,2,,,7714.285714285715
Mieszkanie 2 pokojowe na osiedlu KSM,"Kielce, swietokrzyskie",230000.0,https://gratka.pl/nieruchomosci/mieszkanie-2-pokojowe-na-osiedlu-ksm/oi/29204841,2023-01-28,37.1,2,,1970.0,6199.460916442048
"Mieszkanie Kielce slichowice, ul. Sylwestra Kowalczewskiego","Kielce, slichowice, swietokrzyskie",428000.0,https://gratka.pl/nieruchomosci/mieszkanie-kielce-slichowice-ul-sylwestra-kowalczewskiego/ob/29274751,2023-01-28,63.2,3,1.0,1990.0,6772.151898734177
"Mieszkanie Kielce, ul. Jesionowa","Kielce, swietokrzyskie",289000.0,https://gratka.pl/nieruchomosci/mieszkanie-kielce-ul-jesionowa/ob/29270449,2023-01-28,44.0,3,4.0,1965.0,6568.181818181818
"Mieszkanie Kielce, ul. sciegiennego","Kielce, swietokrzyskie",550000.0,https://gratka.pl/nieruchomosci/mieszkanie-kielce-ul-sciegiennego/ob/29290293,2023-01-28,53.28,2,4.0,2022.0,10322.822822822822
Mieszkanie Kielce,"Kielce, swietokrzyskie",365000.0,https://gratka.pl/nieruchomosci/mieszkanie-kielce/ob/29258541,2023-01-28,58.59,4,5.0,1974.0,6229.732036183649
"Mieszkanie Kielce, ul. Daszynskiego","Kielce, swietokrzyskie",535000.0,https://gratka.pl/nieruchomosci/mieszkanie-kielce-ul-daszynskiego/ob/29258543,2023-01-28,65.95,3,2.0,2016.0,8112.206216830932
"Mieszkanie Kielce Czarnow, ul. Jagiellonska","Kielce, Czarnow, swietokrzyskie",325000.0,https://gratka.pl/nieruchomosci/mieszkanie-kielce-czarnow-ul-jagiellonska/ob/29257505,2023-01-28,39.0,3,1.0,1970.0,8333.333333333334
"Mieszkanie Kielce, ul. Wojska Polskiego","Kielce, swietokrzyskie",380000.0,https://gratka.pl/nieruchomosci/mieszkanie-kielce-ul-wojska-polskiego/ob/29242343,2023-01-28,59.2,3,0.0,1982.0,6418.918918918918
"Mieszkanie Kielce Bukowka, ul. Wojska Polskiego","Kielce, Bukowka, swietokrzyskie",515000.0,https://gratka.pl/nieruchomosci/mieszkanie-kielce-bukowka-ul-wojska-polskiego/ob/29239883,2023-01-28,87.24,2,1.0,2003.0,5903.255387436956
"Mieszkanie Kielce, ul. Warszawska","Kielce, swietokrzyskie",365000.0,https://gratka.pl/nieruchomosci/mieszkanie-kielce-ul-warszawska/ob/29238319,2023-01-28,54.0,3,0.0,,6759.259259259259
"Mieszkanie Kielce Czarnow, ul. Lecha","Kielce, Czarnow, swietokrzyskie",355000.0,https://gratka.pl/nieruchomosci/mieszkanie-kielce-czarnow-ul-lecha/ob/29237817,2023-01-28,39.8,2,2.0,1970.0,8919.597989949749
"Mieszkanie Kielce, ul. Jagiellonska","Kielce, swietokrzyskie",299000.0,https://gratka.pl/nieruchomosci/mieszkanie-kielce-ul-jagiellonska/ob/29237667,2023-01-28,46.0,2,2.0,1970.0,6500.0
Nowe mieszkanie Kielce Bocianek,"Kielce, Bocianek, swietokrzyskie",417750.0,https://gratka.pl/nieruchomosci/nowe-mieszkanie-kielce-bocianek/ob/29233485,2023-01-28,55.7,3,3.0,2023.0,7500.0
Mieszkanie Kielce slichowice,"Kielce, slichowice, swietokrzyskie",399000.0,https://gratka.pl/nieruchomosci/mieszkanie-kielce-slichowice/ob/29233139,2023-01-28,53.7,2,0.0,1993.0,7430.167597765363
Mieszkanie Kielce Baranowek,"Kielce, Baranowek, swietokrzyskie",559000.0,https://gratka.pl/nieruchomosci/mieszkanie-kielce-baranowek/ob/29232261,2023-01-28,46.78,2,0.0,2022.0,11949.55109020949
Nowe mieszkanie Kielce Bocianek,"Kielce, Bocianek, swietokrzyskie",435948.0,https://gratka.pl/nieruchomosci/nowe-mieszkanie-kielce-bocianek/ob/29231893,2023-01-28,64.11,3,0.0,2023.0,6800.0
"Mieszkanie Kielce Bocianek, ul. Warszawska","Kielce, Bocianek, swietokrzyskie",265000.0,https://gratka.pl/nieruchomosci/mieszkanie-kielce-bocianek-ul-warszawska/ob/29269437,2023-01-28,31.0,2,4.0,1960.0,8548.387096774193
"Mieszkanie Kielce, ul. Konarskiego","Kielce, swietokrzyskie",249000.0,https://gratka.pl/nieruchomosci/mieszkanie-kielce-ul-konarskiego/ob/29227079,2023-01-28,26.0,2,2.0,,9576.923076923076
"Mieszkanie Kielce Czarnow, ul. Czarnowska","Kielce, Czarnow, swietokrzyskie",310000.0,https://gratka.pl/nieruchomosci/mieszkanie-kielce-czarnow-ul-czarnowska/ob/29226703,2023-01-28,46.0,3,0.0,,6739.130434782609
"Mieszkanie Kielce, ul. Krysztalowa","Kielce, swietokrzyskie",450000.0,https://gratka.pl/nieruchomosci/mieszkanie-kielce-ul-krysztalowa/ob/29225991,2023-01-28,47.23,2,0.0,2016.0,9527.842473004446
"Mieszkanie Kielce, ul. Spoldzielcza","Kielce, swietokrzyskie",235000.0,https://gratka.pl/nieruchomosci/mieszkanie-kielce-ul-spoldzielcza/ob/29233657,2023-01-28,34.0,2,1.0,1968.0,6911.764705882353
"Mieszkanie Kielce, ul. na Stoku","Kielce, swietokrzyskie",352900.0,https://gratka.pl/nieruchomosci/mieszkanie-kielce-ul-na-stoku/ob/29220777,2023-01-28,40.0,2,0.0,1980.0,8822.5
"Mieszkanie Kielce, ul. Ksiedza Stanislawa Konarskiego","Kielce, swietokrzyskie",270000.0,https://gratka.pl/nieruchomosci/mieszkanie-kielce-ul-ksiedza-stanislawa-konarskiego/ob/29220775,2023-01-28,34.8,2,2.0,,7758.620689655173
"Mieszkanie Kielce, ul. Starowapiennikowa","Kielce, swietokrzyskie",630000.0,https://gratka.pl/nieruchomosci/mieszkanie-kielce-ul-starowapiennikowa/ob/29213491,2023-01-28,70.0,3,3.0,2018.0,9000.0
"Mieszkanie Kielce, ul. Mazurska","Kielce, swietokrzyskie",435990.0,https://gratka.pl/nieruchomosci/mieszkanie-kielce-ul-mazurska/ob/29213267,2023-01-28,57.0,4,4.0,,7648.9473684210525
"Mieszkanie Kielce Szydlowek, ul. Klonowa","Kielce, Szydlowek, swietokrzyskie",400000.0,https://gratka.pl/nieruchomosci/mieszkanie-kielce-szydlowek-ul-klonowa/ob/29211005,2023-01-28,52.1,3,2.0,2002.0,7677.543186180422
"Mieszkanie Kielce, ul. Paderewskiego","Kielce, swietokrzyskie",265000.0,https://gratka.pl/nieruchomosci/mieszkanie-kielce-ul-paderewskiego/ob/29299629,2023-01-29,48.9,2,2.0,1960.0,5419.222903885481
"Mieszkanie Kielce, ul. Poludniowa","Kielce, swietokrzyskie",340000.0,https://gratka.pl/nieruchomosci/mieszkanie-kielce-ul-poludniowa/ob/29297623,2023-01-29,57.69,3,3.0,,5893.569076096377
"Mieszkanie Kielce, ul. Jesionowa","Kielce, swietokrzyskie",365000.0,https://gratka.pl/nieruchomosci/mieszkanie-kielce-ul-jesionowa/ob/29288943,2023-01-29,58.9,3,2.0,,6196.9439728353145
Mieszkanie Kielce,"Kielce, swietokrzyskie",363000.0,https://gratka.pl/nieruchomosci/mieszkanie-kielce/ob/29326115,2023-01-29,57.7,4,0.0,1965.0,6291.161178509532
"Mieszkanie Kielce, ul. Jagiellonska","Kielce, swietokrzyskie",295000.0,https://gratka.pl/nieruchomosci/mieszkanie-kielce-ul-jagiellonska/ob/29302167,2023-01-29,46.0,2,2.0,1980.0,6413.04347826087
"Mieszkanie Kielce, ul. Okrzei","Kielce, swietokrzyskie",289000.0,https://gratka.pl/nieruchomosci/mieszkanie-kielce-ul-okrzei/ob/29282905,2023-01-29,45.0,2,3.0,1965.0,6422.222222222223
"Mieszkanie Kielce, ul. Mieczyslawy cwiklinskiej","Kielce, swietokrzyskie",419000.0,https://gratka.pl/nieruchomosci/mieszkanie-kielce-ul-mieczyslawy-cwiklinskiej/ob/29300571,2023-01-29,64.9,4,5.0,,6456.08628659476
"Mieszkanie Kielce, ul. zelazna","Kielce, swietokrzyskie",246000.0,https://gratka.pl/nieruchomosci/mieszkanie-kielce-ul-zelazna/ob/29284309,2023-01-29,37.81,1,2.0,1963.0,6506.215286961121
"Mieszkanie Kielce, ul. Jagiellonska","Kielce, swietokrzyskie",300000.0,https://gratka.pl/nieruchomosci/mieszkanie-kielce-ul-jagiellonska/ob/29309503,2023-01-29,46.0,2,2.0,,6521.739130434783
"Mieszkanie Kielce, ul. Chopina","Kielce, swietokrzyskie",298000.0,https://gratka.pl/nieruchomosci/mieszkanie-kielce-ul-chopina/ob/29321873,2023-01-29,45.1,3,4.0,1980.0,6607.538802660753
"Mieszkanie Kielce, ul. Pilsudskiego","Kielce, swietokrzyskie",439000.0,https://gratka.pl/nieruchomosci/mieszkanie-kielce-ul-pilsudskiego/ob/29276361,2023-01-29,66.0,3,4.0,,6651.515151515152
"Mieszkanie Kielce, ul. Jagiellonska","Kielce, swietokrzyskie",330000.0,https://gratka.pl/nieruchomosci/mieszkanie-kielce-ul-jagiellonska/ob/29287591,2023-01-29,49.0,3,0.0,,6734.693877551021
"Mieszkanie Kielce, ul. Czarnowska","Kielce, swietokrzyskie",310000.0,https://gratka.pl/nieruchomosci/mieszkanie-kielce-ul-czarnowska/ob/29286893,2023-01-29,46.0,3,0.0,,6739.130434782609
Mieszkanie Kielce,"Kielce, swietokrzyskie",365000.0,https://gratka.pl/nieruchomosci/mieszkanie-kielce/ob/29321875,2023-01-29,53.9,3,0.0,1978.0,6771.799628942486
"Mieszkanie Kielce, ul. Barwinek","Kielce, swietokrzyskie",380000.0,https://gratka.pl/nieruchomosci/mieszkanie-kielce-ul-barwinek/ob/29287247,2023-01-29,56.0,1,0.0,,6785.714285714285
Mieszkanie Kielce,"Kielce, swietokrzyskie",380000.0,https://gratka.pl/nieruchomosci/mieszkanie-kielce/ob/29274757,2023-01-29,54.0,3,1.0,,7037.037037037037
"Mieszkanie Kielce, ul. na Stoku","Kielce, swietokrzyskie",450000.0,https://gratka.pl/nieruchomosci/mieszkanie-kielce-ul-na-stoku/ob/29316571,2023-01-29,63.5,3,1.0,1985.0,7086.614173228347
"Mieszkanie Kielce, ul. Plac Wolnosci","Kielce, swietokrzyskie",210000.0,https://gratka.pl/nieruchomosci/mieszkanie-kielce-ul-plac-wolnosci/ob/29325245,2023-01-29,29.31,1,0.0,1954.0,7164.790174002047
"Mieszkanie Kielce, ul. Czarnowska","Kielce, swietokrzyskie",255000.0,https://gratka.pl/nieruchomosci/mieszkanie-kielce-ul-czarnowska/ob/29327791,2023-01-29,35.0,2,5.0,1980.0,7285.714285714285
"Mieszkanie Kielce, ul. bp. Czeslawa Kaczmarka","Kielce, swietokrzyskie",235000.0,https://gratka.pl/nieruchomosci/mieszkanie-kielce-ul-bp-czeslawa-kaczmarka/ob/29277035,2023-01-29,32.0,1,9.0,1980.0,7343.75
"Mieszkanie Kielce, ul. Massalskiego","Kielce, swietokrzyskie",460000.0,https://gratka.pl/nieruchomosci/mieszkanie-kielce-ul-massalskiego/ob/29277561,2023-01-29,62.6,3,1.0,2000.0,7348.242811501597
"Mieszkanie Kielce, ul. Osiedle na Stoku","Kielce, swietokrzyskie",469000.0,https://gratka.pl/nieruchomosci/mieszkanie-kielce-ul-osiedle-na-stoku/ob/29301251,2023-01-29,63.65,3,2.0,1987.0,7368.421052631579
"Mieszkanie Kielce, ul. Edmunda Massalskiego","Kielce, swietokrzyskie",460000.0,https://gratka.pl/nieruchomosci/mieszkanie-kielce-ul-edmunda-massalskiego/ob/29276743,2023-01-29,62.3,3,2.0,,7383.62760834671
"Mieszkanie Kielce, ul. Spoldzielcza","Kielce, swietokrzyskie",260000.0,https://gratka.pl/nieruchomosci/mieszkanie-kielce-ul-spoldzielcza/ob/29322125,2023-01-29,34.0,2,2.0,,7647.058823529412
Nowe mieszkanie Kielce Bocianek,"Kielce, Bocianek, swietokrzyskie",536320.0,https://gratka.pl/nieruchomosci/nowe-mieszkanie-kielce-bocianek/ob/29287929,2023-01-29,67.04,3,2.0,2024.0,7999.999999999999
Mieszkanie Kielce,"Kielce, swietokrzyskie",394900.0,https://gratka.pl/nieruchomosci/mieszkanie-kielce/ob/29287587,2023-01-29,48.0,2,4.0,2000.0,8227.083333333334
"Nowe mieszkanie Kielce, ul. Prosta","Kielce, swietokrzyskie",602910.0,https://gratka.pl/nieruchomosci/nowe-mieszkanie-kielce-ul-prosta/ob/29282103,2023-01-29,73.08,3,0.0,2022.0,8250.0
"Mieszkanie Kielce, ul. Faldowa","Kielce, swietokrzyskie",303000.0,https://gratka.pl/nieruchomosci/mieszkanie-kielce-ul-faldowa/ob/29316849,2023-01-29,36.0,1,2.0,2005.0,8416.666666666666
"Mieszkanie Kielce, ul. Marszalkowska 5","Kielce, swietokrzyskie",497000.0,https://gratka.pl/nieruchomosci/mieszkanie-kielce-ul-marszalkowska-5/ob/29328307,2023-01-29,57.7,4,0.0,1965.0,8613.518197573656
"Mieszkanie Kielce, ul. Jagiellonska","Kielce, swietokrzyskie",345000.0,https://gratka.pl/nieruchomosci/mieszkanie-kielce-ul-jagiellonska/ob/29314425,2023-01-29,40.0,2,3.0,1964.0,8625.0
"Nowe mieszkanie Kielce, ul. Bohaterow Warszawy","Kielce, swietokrzyskie",458925.0,https://gratka.pl/nieruchomosci/nowe-mieszkanie-kielce-ul-bohaterow-warszawy/ob/29323293,2023-01-29,52.75,3,0.0,2024.0,8700.0
"Mieszkanie Kielce, ul. Kollataja","Kielce, swietokrzyskie",495000.0,https://gratka.pl/nieruchomosci/mieszkanie-kielce-ul-kollataja/ob/29310547,2023-01-29,56.1,3,3.0,2010.0,8823.529411764706
Nowe Mieszkanie KIELCE ul. Lotnicza,"Kielce, swietokrzyskie",699000.0,https://gratka.pl/nieruchomosci/nowe-mieszkanie-kielce-ul-lotnicza/oi/29287307,2023-01-29,79.01,4,4.0,2021.0,8846.981394760156
"Mieszkanie Kielce, ul. Wyspianskiego","Kielce, swietokrzyskie",635000.0,https://gratka.pl/nieruchomosci/mieszkanie-kielce-ul-wyspianskiego/ob/29316299,2023-01-29,69.28,3,3.0,2016.0,9165.704387990761
"Mieszkanie Kielce, ul. Jurajska","Kielce, swietokrzyskie",650000.0,https://gratka.pl/nieruchomosci/mieszkanie-kielce-ul-jurajska/ob/29331267,2023-01-29,70.59,4,3.0,,9208.103130755064
"Mieszkanie Kielce, ul. Starowapiennikowa","Kielce, swietokrzyskie",645000.0,https://gratka.pl/nieruchomosci/mieszkanie-kielce-ul-starowapiennikowa/ob/29288575,2023-01-29,70.0,3,3.0,2018.0,9214.285714285714
Mieszkanie Kielce,"Kielce, swietokrzyskie",872000.0,https://gratka.pl/nieruchomosci/mieszkanie-kielce/ob/29325249,2023-01-29,79.27,2,15.0,2022.0,11000.378453387159
"Nowe mieszkanie Kielce Baranowek, ul. Artylerzystow","Kielce, Baranowek, swietokrzyskie",1084900.0,https://gratka.pl/nieruchomosci/nowe-mieszkanie-kielce-baranowek-ul-artylerzystow/ob/29335627,2023-01-29,92.31,4,2.0,2023.0,11752.789513595493
Mieszkanie +lokal handlowy +udzial w gruncie 1416m2,"Kielce, swietokrzyskie",1400000.0,https://gratka.pl/nieruchomosci/mieszkanie-lokal-handlowy-udzial-w-gruncie-1416m2/oi/29275625,2023-01-29,80.0,3,,1973.0,17500.0
"Mieszkanie Kielce, ul. Skorupki","Kielce, swietokrzyskie",490000.0,https://gratka.pl/nieruchomosci/mieszkanie-kielce-ul-skorupki/ob/29343657,2023-01-30,93.8,3,3.0,2008.0,5223.880597014925
"Mieszkanie Kielce, ul. zrodlowa","Kielce, swietokrzyskie",270000.0,https://gratka.pl/nieruchomosci/mieszkanie-kielce-ul-zrodlowa/ob/29342463,2023-01-30,49.1,2,3.0,1957.0,5498.9816700611
"Mieszkanie 49 m2, Kielce, Barwinek","Kielce, Barwinek, swietokrzyskie",300000.0,https://gratka.pl/nieruchomosci/mieszkanie-49-m2-kielce-barwinek/oi/29339657,2023-01-30,49.17,2,4.0,1985.0,6101.281269066504
"Mieszkanie Kielce, ul. Zagorska","Kielce, swietokrzyskie",299000.0,https://gratka.pl/nieruchomosci/mieszkanie-kielce-ul-zagorska/ob/29338643,2023-01-30,45.5,2,2.0,,6571.428571428572
"Mieszkanie Kielce Szydlowek, ul. Zamenhofa","Kielce, Szydlowek, swietokrzyskie",415000.0,https://gratka.pl/nieruchomosci/mieszkanie-kielce-szydlowek-ul-zamenhofa/ob/29338639,2023-01-30,52.0,3,2.0,,7980.7692307692305
Mieszkanie Kielce Szydlowek,"Kielce, Szydlowek, swietokrzyskie",365000.0,https://gratka.pl/nieruchomosci/mieszkanie-kielce-szydlowek/ob/29321875,2023-01-30,53.9,3,0.0,1978.0,6771.799628942486
"Mieszkanie Kielce, ul. Karlowicza","Kielce, swietokrzyskie",315000.0,https://gratka.pl/nieruchomosci/mieszkanie-kielce-ul-karlowicza/ob/29346777,2023-01-31,40.2,3,5,,7835.820895522387
"Mieszkanie Kielce, ul. Raciborskiego","Kielce, swietokrzyskie",359000.0,https://gratka.pl/nieruchomosci/mieszkanie-kielce-ul-raciborskiego/ob/29346597,2023-01-31,44.3,2,3,1997.0,8103.837471783297
"Mieszkanie Kielce, ul. Zagorska","Kielce, swietokrzyskie",340000.0,https://gratka.pl/nieruchomosci/mieszkanie-kielce-ul-zagorska/ob/29346585,2023-01-31,52.6,3,3,1967.0,6463.878326996198
"Nowe mieszkanie Kielce, ul. Sandomierska","Kielce, swietokrzyskie",501280.0,https://gratka.pl/nieruchomosci/nowe-mieszkanie-kielce-ul-sandomierska/ob/29345493,2023-01-31,62.66,4,1,2023.0,8000.0
"Mieszkanie Kielce, ul. Zagorska","Kielce, swietokrzyskie",325000.0,https://gratka.pl/nieruchomosci/mieszkanie-kielce-ul-zagorska/ob/29345227,2023-01-31,37.0,2,0,1970.0,8783.783783783783
"Mieszkanie Kielce, ul. Zagorska","Kielce, swietokrzyskie",299000.0,https://gratka.pl/nieruchomosci/mieszkanie-kielce-ul-zagorska/ob/29344411,2023-01-31,47.2,2,4,1970.0,6334.745762711864
Mieszkanie Kielce Bocianek,"Kielce, Bocianek, swietokrzyskie",515000.0,https://gratka.pl/nieruchomosci/mieszkanie-kielce-bocianek/ob/29344227,2023-01-31,53.54,3,4,2013.0,9618.9764661935
"Mieszkanie Kielce Czarnow, ul. Kolberga","Kielce, Czarnow, swietokrzyskie",745758.0,https://gratka.pl/nieruchomosci/mieszkanie-kielce-czarnow-ul-kolberga/ob/29351985,2023-01-31,95.61,5,5,2023.0,7800.0
"Mieszkanie Kielce Czarnow, ul. Kolberga","Kielce, Czarnow, swietokrzyskie",694044.0,https://gratka.pl/nieruchomosci/mieszkanie-kielce-czarnow-ul-kolberga/ob/29351987,2023-01-31,88.98,4,5,2023.0,7800.0
"Mieszkanie Kielce Czarnow, ul. Kolberga","Kielce, Czarnow, swietokrzyskie",427367.0,https://gratka.pl/nieruchomosci/mieszkanie-kielce-czarnow-ul-kolberga/ob/29351983,2023-01-31,51.49,2,5,2023.0,8300.0
"Mieszkanie Kielce Czarnow, ul. Kolberga","Kielce, Czarnow, swietokrzyskie",420086.0,https://gratka.pl/nieruchomosci/mieszkanie-kielce-czarnow-ul-kolberga/ob/29351989,2023-01-31,51.23,3,5,2023.0,8200.0
"Mieszkanie Kielce Czarnow, ul. Kolberga","Kielce, Czarnow, swietokrzyskie",395240.0,https://gratka.pl/nieruchomosci/mieszkanie-kielce-czarnow-ul-kolberga/ob/29351995,2023-01-31,48.2,3,5,2023.0,8200.0
"Mieszkanie Kielce Czarnow, ul. Kolberga","Kielce, Czarnow, swietokrzyskie",659724.0,https://gratka.pl/nieruchomosci/mieszkanie-kielce-czarnow-ul-kolberga/ob/29351993,2023-01-31,84.58,5,5,2023.0,7800.0
"Mieszkanie Kielce Czarnow, ul. Kolberga","Kielce, Czarnow, swietokrzyskie",551089.0,https://gratka.pl/nieruchomosci/mieszkanie-kielce-czarnow-ul-kolberga/ob/29352021,2023-01-31,71.57,3,3,2023.0,7700.000000000001
"Mieszkanie Kielce Czarnow, ul. Kolberga","Kielce, Czarnow, swietokrzyskie",824304.0,https://gratka.pl/nieruchomosci/mieszkanie-kielce-czarnow-ul-kolberga/ob/29351997,2023-01-31,105.68,5,5,2023.0,7799.999999999999
"Mieszkanie Kielce Czarnow, ul. Kolberga","Kielce, Czarnow, swietokrzyskie",409508.0,https://gratka.pl/nieruchomosci/mieszkanie-kielce-czarnow-ul-kolberga/ob/29351991,2023-01-31,49.94,2,5,2023.0,8200.0
"Mieszkanie Kielce Czarnow, ul. Kolberga","Kielce, Czarnow, swietokrzyskie",503388.0,https://gratka.pl/nieruchomosci/mieszkanie-kielce-czarnow-ul-kolberga/ob/29352009,2023-01-31,63.72,3,4,2023.0,7900.0
"Mieszkanie Kielce Czarnow, ul. Kolberga","Kielce, Czarnow, swietokrzyskie",545840.0,https://gratka.pl/nieruchomosci/mieszkanie-kielce-czarnow-ul-kolberga/ob/29352013,2023-01-31,68.23,3,4,2023.0,7999.999999999999
"Mieszkanie Kielce Czarnow, ul. Kolberga","Kielce, Czarnow, swietokrzyskie",355224.0,https://gratka.pl/nieruchomosci/mieszkanie-kielce-czarnow-ul-kolberga/ob/29352017,2023-01-31,43.32,2,3,2023.0,8200.0
"Mieszkanie Kielce Czarnow, ul. Kolberga","Kielce, Czarnow, swietokrzyskie",545811.0,https://gratka.pl/nieruchomosci/mieszkanie-kielce-czarnow-ul-kolberga/ob/29352005,2023-01-31,69.09,4,4,2023.0,7900.0
"Mieszkanie Kielce Czarnow, ul. Kolberga","Kielce, Czarnow, swietokrzyskie",558246.0,https://gratka.pl/nieruchomosci/mieszkanie-kielce-czarnow-ul-kolberga/ob/29352007,2023-01-31,71.57,3,4,2023.0,7800.000000000001
"Mieszkanie Kielce Czarnow, ul. Kolberga","Kielce, Czarnow, swietokrzyskie",419430.0,https://gratka.pl/nieruchomosci/mieszkanie-kielce-czarnow-ul-kolberga/ob/29351999,2023-01-31,51.15,2,5,2023.0,8200.0
"Mieszkanie Kielce Czarnow, ul. Kolberga","Kielce, Czarnow, swietokrzyskie",353338.0,https://gratka.pl/nieruchomosci/mieszkanie-kielce-czarnow-ul-kolberga/ob/29352027,2023-01-31,43.09,2,3,2023.0,8200.0
"Mieszkanie Kielce Czarnow, ul. Kolberga","Kielce, Czarnow, swietokrzyskie",506785.0,https://gratka.pl/nieruchomosci/mieszkanie-kielce-czarnow-ul-kolberga/ob/29352015,2023-01-31,64.15,3,4,2023.0,7899.999999999999
"Mieszkanie Kielce Czarnow, ul. Kolberga","Kielce, Czarnow, swietokrzyskie",403112.0,https://gratka.pl/nieruchomosci/mieszkanie-kielce-czarnow-ul-kolberga/ob/29352001,2023-01-31,49.16,2,5,2023.0,8200.0
"Mieszkanie Kielce Czarnow, ul. Kolberga","Kielce, Czarnow, swietokrzyskie",459520.0,https://gratka.pl/nieruchomosci/mieszkanie-kielce-czarnow-ul-kolberga/ob/29352011,2023-01-31,57.44,3,4,2023.0,8000.0
"Mieszkanie Kielce Czarnow, ul. Kolberga","Kielce, Czarnow, swietokrzyskie",545811.0,https://gratka.pl/nieruchomosci/mieszkanie-kielce-czarnow-ul-kolberga/ob/29352019,2023-01-31,69.09,4,3,2023.0,7900.0
"Mieszkanie Kielce Czarnow, ul. Kolberga","Kielce, Czarnow, swietokrzyskie",321246.0,https://gratka.pl/nieruchomosci/mieszkanie-kielce-czarnow-ul-kolberga/ob/29352049,2023-01-31,39.66,2,2,2023.0,8100.000000000001
"Mieszkanie Kielce Czarnow, ul. Kolberga","Kielce, Czarnow, swietokrzyskie",369878.0,https://gratka.pl/nieruchomosci/mieszkanie-kielce-czarnow-ul-kolberga/ob/29352083,2023-01-31,46.82,3,1,2023.0,7900.0
"Mieszkanie Kielce Czarnow, ul. Kolberga","Kielce, Czarnow, swietokrzyskie",345840.0,https://gratka.pl/nieruchomosci/mieszkanie-kielce-czarnow-ul-kolberga/ob/29352031,2023-01-31,43.23,2,2,2023.0,8000.000000000001
"Mieszkanie Kielce Czarnow, ul. Kolberga","Kielce, Czarnow, swietokrzyskie",296541.0,https://gratka.pl/nieruchomosci/mieszkanie-kielce-czarnow-ul-kolberga/ob/29352097,2023-01-31,36.61,2,1,2023.0,8100.0
"Mieszkanie Kielce Czarnow, ul. Kolberga","Kielce, Czarnow, swietokrzyskie",321246.0,https://gratka.pl/nieruchomosci/mieszkanie-kielce-czarnow-ul-kolberga/ob/29352073,2023-01-31,39.66,2,1,2023.0,8100.000000000001
"Mieszkanie Kielce Czarnow, ul. Kolberga","Kielce, Czarnow, swietokrzyskie",427785.0,https://gratka.pl/nieruchomosci/mieszkanie-kielce-czarnow-ul-kolberga/ob/29352039,2023-01-31,54.15,3,2,2023.0,7900.0
"Mieszkanie Kielce Czarnow, ul. Kolberga","Kielce, Czarnow, swietokrzyskie",324225.0,https://gratka.pl/nieruchomosci/mieszkanie-kielce-czarnow-ul-kolberga/ob/29352101,2023-01-31,43.23,2,0,2023.0,7500.000000000001
"Mieszkanie Kielce Czarnow, ul. Kolberga","Kielce, Czarnow, swietokrzyskie",496200.0,https://gratka.pl/nieruchomosci/mieszkanie-kielce-czarnow-ul-kolberga/ob/29352125,2023-01-31,66.16,4,0,2023.0,7500.0
"Mieszkanie Kielce Czarnow, ul. Kolberga","Kielce, Czarnow, swietokrzyskie",486676.0,https://gratka.pl/nieruchomosci/mieszkanie-kielce-czarnow-ul-kolberga/ob/29352109,2023-01-31,71.57,3,0,2023.0,6800.000000000001
"Mieszkanie Kielce Czarnow, ul. Kolberga","Kielce, Czarnow, swietokrzyskie",356606.0,https://gratka.pl/nieruchomosci/mieszkanie-kielce-czarnow-ul-kolberga/ob/29352069,2023-01-31,45.14,2,1,2023.0,7900.0
"Mieszkanie Kielce Czarnow, ul. Kolberga","Kielce, Czarnow, swietokrzyskie",524472.0,https://gratka.pl/nieruchomosci/mieszkanie-kielce-czarnow-ul-kolberga/ob/29352053,2023-01-31,67.24,4,2,2023.0,7800.000000000001
"Mieszkanie Kielce Czarnow, ul. Kolberga","Kielce, Czarnow, swietokrzyskie",344720.0,https://gratka.pl/nieruchomosci/mieszkanie-kielce-czarnow-ul-kolberga/ob/29352055,2023-01-31,43.09,2,2,2023.0,7999.999999999999
"Mieszkanie Kielce Czarnow, ul. Kolberga","Kielce, Czarnow, swietokrzyskie",300202.0,https://gratka.pl/nieruchomosci/mieszkanie-kielce-czarnow-ul-kolberga/ob/29352057,2023-01-31,36.61,2,2,2023.0,8200.0
"Mieszkanie Kielce Czarnow, ul. Kolberga","Kielce, Czarnow, swietokrzyskie",344720.0,https://gratka.pl/nieruchomosci/mieszkanie-kielce-czarnow-ul-kolberga/ob/29352095,2023-01-31,43.09,2,1,2023.0,7999.999999999999
"Mieszkanie Kielce, ul. Ceglana","Kielce, swietokrzyskie",610000.0,https://gratka.pl/nieruchomosci/mieszkanie-kielce-ul-ceglana/ob/29373437,2023-02-01,74.51,3,2,2012.0,8186.820560998523
"Mieszkanie Kielce, ul. Spoldzielcza","Kielce, swietokrzyskie",319000.0,https://gratka.pl/nieruchomosci/mieszkanie-kielce-ul-spoldzielcza/ob/29368711,2023-02-01,38.0,2,1,,8394.736842105263
"Mieszkanie Kielce, ul. Szkolna","Kielce, swietokrzyskie",234900.0,https://gratka.pl/nieruchomosci/mieszkanie-kielce-ul-szkolna/ob/29367293,2023-02-01,27.0,1,0,1974.0,8700.0
"Nowe mieszkanie Kielce, ul. Warszawska","Kielce, swietokrzyskie",339800.0,https://gratka.pl/nieruchomosci/nowe-mieszkanie-kielce-ul-warszawska/ob/29364675,2023-02-01,34.34,2,3,2023.0,9895.165987186952
Nowe mieszkanie Kielce,"Kielce, swietokrzyskie",404900.0,https://gratka.pl/nieruchomosci/nowe-mieszkanie-kielce/ob/29364491,2023-02-01,56.0,3,0,2021.0,7230.357142857143
"Mieszkanie Kielce, ul. Pomorska","Kielce, swietokrzyskie",335000.0,https://gratka.pl/nieruchomosci/mieszkanie-kielce-ul-pomorska/ob/29364405,2023-02-01,56.9,3,0,1970.0,5887.521968365554
"Mieszkanie Kielce, ul. Okrzei","Kielce, swietokrzyskie",897750.0,https://gratka.pl/nieruchomosci/mieszkanie-kielce-ul-okrzei/ob/29364403,2023-02-01,85.5,4,1,2019.0,10500.0
"Mieszkanie Kielce, ul. Zagorska","Kielce, swietokrzyskie",269000.0,https://gratka.pl/nieruchomosci/mieszkanie-kielce-ul-zagorska/ob/29362125,2023-02-01,31.3,1,4,,8594.249201277955
Nowe mieszkanie Kielce,"Kielce, swietokrzyskie",777000.0,https://gratka.pl/nieruchomosci/nowe-mieszkanie-kielce/ob/29360639,2023-02-01,116.0,5,1,2023.0,6698.275862068966
"Mieszkanie Kielce Bocianek, ul. Wyspianskiego","Kielce, Bocianek, swietokrzyskie",587000.0,https://gratka.pl/nieruchomosci/mieszkanie-kielce-bocianek-ul-wyspianskiego/ob/29360455,2023-02-01,65.46,3,1,2014.0,8967.308279865567
Mieszkanie Kielce,"Kielce, swietokrzyskie",379000.0,https://gratka.pl/nieruchomosci/mieszkanie-kielce/ob/29359503,2023-02-01,53.0,2,8,1978.0,7150.943396226415
"Mieszkanie Kielce, ul. Kilinskiego Mala","Kielce, swietokrzyskie",277000.0,https://gratka.pl/nieruchomosci/mieszkanie-kielce-ul-kilinskiego-mala/ob/29358391,2023-02-01,31.45,2,0,,8807.631160572337
"Mieszkanie Kielce, ul. Mazurska","Kielce, swietokrzyskie",435000.0,https://gratka.pl/nieruchomosci/mieszkanie-kielce-ul-mazurska/ob/29357733,2023-02-01,57.5,4,4,1968.0,7565.217391304348
"Mieszkanie Kielce Szydlowek, ul. Turystyczna","Kielce, Szydlowek, swietokrzyskie",540090.0,https://gratka.pl/nieruchomosci/mieszkanie-kielce-szydlowek-ul-turystyczna/ob/29368005,2023-02-01,63.54,3,1,2023.0,8500.0
"Mieszkanie Kielce Czarnow, ul. Kolberga","Kielce, Czarnow, swietokrzyskie",401636.0,https://gratka.pl/nieruchomosci/mieszkanie-kielce-czarnow-ul-kolberga/ob/29352003,2023-02-01,48.98,2,4,2023.0,8200.0
"Mieszkanie Kielce, ul. bp. Mieczyslawa Jaworskiego","Kielce, swietokrzyskie",315000.0,https://gratka.pl/nieruchomosci/mieszkanie-kielce-ul-bp-mieczyslawa-jaworskiego/ob/29389929,2023-02-02,48.27,2,2,1979.0,6525.792417650714
"Mieszkanie Kielce, ul. Pomorska","Kielce, swietokrzyskie",325000.0,https://gratka.pl/nieruchomosci/mieszkanie-kielce-ul-pomorska/ob/29388073,2023-02-02,57.0,3,0,,5701.754385964912
"Mieszkanie Kielce, ul. sciegiennego","Kielce, swietokrzyskie",444900.0,https://gratka.pl/nieruchomosci/mieszkanie-kielce-ul-sciegiennego/ob/29383219,2023-02-02,67.4,3,1,2002.0,6600.890207715133
"Mieszkanie Kielce, ul. sciegiennego","Kielce, swietokrzyskie",299900.0,https://gratka.pl/nieruchomosci/mieszkanie-kielce-ul-sciegiennego/ob/29383031,2023-02-02,40.0,2,2,2002.0,7497.5
"Mieszkanie Kielce, ul. Piekoszowska","Kielce, swietokrzyskie",180900.0,https://gratka.pl/nieruchomosci/mieszkanie-kielce-ul-piekoszowska/ob/29382881,2023-02-02,20.0,1,2,,9045.0
"Mieszkanie Kielce, ul. Wojewodzka","Kielce, swietokrzyskie",220000.0,https://gratka.pl/nieruchomosci/mieszkanie-kielce-ul-wojewodzka/ob/29378815,2023-02-02,22.5,1,0,,9777.777777777777
"Mieszkanie Kielce, ul. Spoldzielcza","Kielce, swietokrzyskie",259000.0,https://gratka.pl/nieruchomosci/mieszkanie-kielce-ul-spoldzielcza/ob/29378785,2023-02-02,34.0,2,2,,7617.64705882353
Mieszkanie Kielce Herby,"Kielce, Herby, swietokrzyskie",229900.0,https://gratka.pl/nieruchomosci/mieszkanie-kielce-herby/ob/29378259,2023-02-02,33.0,1,0,1986.0,6966.666666666667
"Mieszkanie Kielce, ul. Prosta","Kielce, swietokrzyskie",299000.0,https://gratka.pl/nieruchomosci/mieszkanie-kielce-ul-prosta/ob/29377143,2023-02-02,50.3,2,9,,5944.333996023857
Mieszkanie Kielce,"Kielce, swietokrzyskie",344900.0,https://gratka.pl/nieruchomosci/mieszkanie-kielce/ob/29377121,2023-02-02,35.0,2,1,2011.0,9854.285714285714
Mieszkanie Kielce,"Kielce, swietokrzyskie",299000.0,https://gratka.pl/nieruchomosci/mieszkanie-kielce/ob/29375623,2023-02-02,43.0,2,5,1980.0,6953.488372093023
"Mieszkanie Kielce Czarnow, ul. Czarnowska","Kielce, Czarnow, swietokrzyskie",255000.0,https://gratka.pl/nieruchomosci/mieszkanie-kielce-czarnow-ul-czarnowska/ob/29327791,2023-02-02,35.0,2,5,1980.0,7285.714285714285
Mieszkanie Kielce,"Kielce, swietokrzyskie",267000.0,https://gratka.pl/nieruchomosci/mieszkanie-kielce/ob/29400719,2023-02-03,50.0,2,,1962.0,5340.0
"Mieszkanie Kielce, ul. Pilsudskiego","Kielce, swietokrzyskie",464900.0,https://gratka.pl/nieruchomosci/mieszkanie-kielce-ul-pilsudskiego/ob/29399281,2023-02-03,60.0,3,,1982.0,7748.333333333333
Nowe mieszkanie Kielce,"Kielce, swietokrzyskie",365000.0,https://gratka.pl/nieruchomosci/nowe-mieszkanie-kielce/ob/29398223,2023-02-03,40.0,2,,,9125.0
"Mieszkanie Kielce Barwinek, ul. Barwinek","Kielce, Barwinek, swietokrzyskie",315000.0,https://gratka.pl/nieruchomosci/mieszkanie-kielce-barwinek-ul-barwinek/ob/29397953,2023-02-03,48.25,2,,,6528.4974093264245
Mieszkanie Kielce,"Kielce, swietokrzyskie",325000.0,https://gratka.pl/nieruchomosci/mieszkanie-kielce/ob/29396993,2023-02-03,35.0,2,,1966.0,9285.714285714286
Nowe mieszkanie Kielce,"Kielce, swietokrzyskie",374400.0,https://gratka.pl/nieruchomosci/nowe-mieszkanie-kielce/ob/29396995,2023-02-03,38.31,2,,2023.0,9772.905246671886
Mieszkanie Kielce Szydlowek,"Kielce, Szydlowek, swietokrzyskie",399000.0,https://gratka.pl/nieruchomosci/mieszkanie-kielce-szydlowek/ob/29396991,2023-02-03,50.0,3,,1969.0,7980.0
Mieszkanie Kielce,"Kielce, swietokrzyskie",399000.0,https://gratka.pl/nieruchomosci/mieszkanie-kielce/ob/29396989,2023-02-03,50.0,3,,1970.0,7980.0
Mieszkanie Kielce,"Kielce, swietokrzyskie",530000.0,https://gratka.pl/nieruchomosci/mieszkanie-kielce/ob/29395341,2023-02-03,72.36,3,,2008.0,7324.48866777225
"Nowe mieszkanie Kielce, ul. Ksiedza Piotra sciegiennego 1a","Kielce, swietokrzyskie",618194.0,https://gratka.pl/nieruchomosci/nowe-mieszkanie-kielce-ul-ksiedza-piotra-sciegiennego-1a/ob/29392521,2023-02-03,69.46,3,,,8900.0
Mieszkanie Kielce Czarnow,"Kielce, Czarnow, swietokrzyskie",255000.0,https://gratka.pl/nieruchomosci/mieszkanie-kielce-czarnow/ob/29327791,2023-02-03,35.0,2,,1980.0,7285.714285714285
Mieszkanie Kielce,"Kielce, swietokrzyskie",306000.0,https://gratka.pl/nieruchomosci/mieszkanie-kielce/ob/29412919,2023-02-04,46.4,2,,1965.0,6594.827586206897
"Mieszkanie Kielce, ul. Sloneczna","Kielce, swietokrzyskie",264900.0,https://gratka.pl/nieruchomosci/mieszkanie-kielce-ul-sloneczna/ob/29412039,2023-02-04,39.8,2,,,6655.7788944723625
"Mieszkanie Kielce, ul. Wojska Polskiego","Kielce, swietokrzyskie",555000.0,https://gratka.pl/nieruchomosci/mieszkanie-kielce-ul-wojska-polskiego/ob/29411991,2023-02-04,100.0,4,,,5550.0
Mieszkanie Kielce,"Kielce, swietokrzyskie",335000.0,https://gratka.pl/nieruchomosci/mieszkanie-kielce/ob/29407989,2023-02-04,56.5,2,,,5929.203539823009
Mieszkanie Kielce Barwinek,"Kielce, Barwinek, swietokrzyskie",444900.0,https://gratka.pl/nieruchomosci/mieszkanie-kielce-barwinek/ob/29406779,2023-02-04,67.4,3,,2001.0,6600.890207715133
Mieszkanie Kielce,"Kielce, swietokrzyskie",266000.0,https://gratka.pl/nieruchomosci/mieszkanie-kielce/ob/29406775,2023-02-04,32.0,1,,1962.0,8312.5
Mieszkanie Kielce,"Kielce, swietokrzyskie",370000.0,https://gratka.pl/nieruchomosci/mieszkanie-kielce/ob/29406491,2023-02-04,31.0,2,,2022.0,11935.483870967742
"Nowe mieszkanie Kielce, ul. sniadeckich","Kielce, swietokrzyskie",655275.0,https://gratka.pl/nieruchomosci/nowe-mieszkanie-kielce-ul-sniadeckich/ob/29420055,2023-02-05,87.37,4,0,2021.0,7500.0
"Mieszkanie Kielce, ul. Sloneczna","Kielce, swietokrzyskie",300000.0,https://gratka.pl/nieruchomosci/mieszkanie-kielce-ul-sloneczna/ob/29418677,2023-02-05,47.9,2,1,1975.0,6263.048016701461
"Mieszkanie Kielce, ul. Kruszcowa","Kielce, swietokrzyskie",336000.0,https://gratka.pl/nieruchomosci/mieszkanie-kielce-ul-kruszcowa/ob/29425133,2023-02-06,56.27,3,0,,5971.210236360404
"Mieszkanie Kielce, ul. Juliusza Slowackiego","Kielce, swietokrzyskie",270000.0,https://gratka.pl/nieruchomosci/mieszkanie-kielce-ul-juliusza-slowackiego/ob/29435885,2023-02-07,40.0,1,1,,6750.0
Mieszkanie Kielce Bocianek,"Kielce, Bocianek, swietokrzyskie",586000.0,https://gratka.pl/nieruchomosci/mieszkanie-kielce-bocianek/ob/29435629,2023-02-07,66.0,3,1,2014.0,8878.787878787878
Nowe mieszkanie Kielce Bocianek,"Kielce, Bocianek, swietokrzyskie",278000.0,https://gratka.pl/nieruchomosci/nowe-mieszkanie-kielce-bocianek/ob/29432967,2023-02-07,28.0,1,4,2023.0,9928.57142857143
Nowe mieszkanie Kielce,"Kielce, swietokrzyskie",375000.0,https://gratka.pl/nieruchomosci/nowe-mieszkanie-kielce/ob/29432963,2023-02-07,38.5,2,1,2023.0,9740.25974025974
Nowe mieszkanie Kielce Szydlowek,"Kielce, Szydlowek, swietokrzyskie",399000.0,https://gratka.pl/nieruchomosci/nowe-mieszkanie-kielce-szydlowek/ob/29432777,2023-02-07,42.0,2,3,2023.0,9500.0
"Mieszkanie Kielce, ul. Tektoniczna","Kielce, swietokrzyskie",265000.0,https://gratka.pl/nieruchomosci/mieszkanie-kielce-ul-tektoniczna/ob/29431021,2023-02-07,33.0,1,1,,8030.30303030303
"Mieszkanie Kielce Nowy Folwark, ul. Morcinka","Kielce, NowyFolwark, swietokrzyskie",430000.0,https://gratka.pl/nieruchomosci/mieszkanie-kielce-nowy-folwark-ul-morcinka/ob/29430617,2023-02-07,54.7,3,0,2014.0,7861.060329067641
Mieszkanie Kielce,"Kielce, swietokrzyskie",275000.0,https://gratka.pl/nieruchomosci/mieszkanie-kielce/ob/29429515,2023-02-07,37.5,2,2,,7333.333333333333
"Mieszkanie Kielce, ul. Mazurska","Kielce, swietokrzyskie",280000.0,https://gratka.pl/nieruchomosci/mieszkanie-kielce-ul-mazurska/ob/29453527,2023-02-08,42.7,2,9,1974.0,6557.377049180327
Mieszkanie Kielce,"Kielce, swietokrzyskie",315000.0,https://gratka.pl/nieruchomosci/mieszkanie-kielce/ob/29449577,2023-02-08,40.0,2,1,1985.0,7875.0
Mieszkanie Kielce,"Kielce, swietokrzyskie",425000.0,https://gratka.pl/nieruchomosci/mieszkanie-kielce/ob/29449555,2023-02-08,49.0,3,2,1985.0,8673.469387755102
Mieszkanie Kielce,"Kielce, swietokrzyskie",340000.0,https://gratka.pl/nieruchomosci/mieszkanie-kielce/ob/29447121,2023-02-08,52.6,3,1,1967.0,6463.878326996198
"Mieszkanie Kielce slichowice, ul. Jurajska","Kielce, slichowice, swietokrzyskie",310000.0,https://gratka.pl/nieruchomosci/mieszkanie-kielce-slichowice-ul-jurajska/ob/29444483,2023-02-08,33.0,2,3,1998.0,9393.939393939394
"Mieszkanie Kielce, ul. Sloneczna","Kielce, swietokrzyskie",397000.0,https://gratka.pl/nieruchomosci/mieszkanie-kielce-ul-sloneczna/ob/29461661,2023-02-09,50.3,3,4,1980.0,7892.644135188867
Nowe mieszkanie Kielce Bocianek,"Kielce, Bocianek, swietokrzyskie",573468.0,https://gratka.pl/nieruchomosci/nowe-mieszkanie-kielce-bocianek/ob/29460075,2023-02-09,68.27,3,5,2024.0,8400.0
Nowe mieszkanie Kielce Bocianek,"Kielce, Bocianek, swietokrzyskie",445257.0,https://gratka.pl/nieruchomosci/nowe-mieszkanie-kielce-bocianek/ob/29459713,2023-02-09,64.53,3,0,2023.0,6900.0
Mieszkanie Kielce Bocianek,"Kielce, Bocianek, swietokrzyskie",277000.0,https://gratka.pl/nieruchomosci/mieszkanie-kielce-bocianek/ob/29456953,2023-02-09,40.0,2,1,1976.0,6925.0
Nowe mieszkanie Kielce,"Kielce, swietokrzyskie",344755.0,https://gratka.pl/nieruchomosci/nowe-mieszkanie-kielce/ob/29456731,2023-02-09,36.29,2,9,2024.0,9500.0
Mieszkanie Kielce Czarnow,"Kielce, Czarnow, swietokrzyskie",255000.0,https://gratka.pl/nieruchomosci/mieszkanie-kielce-czarnow/ob/29456533,2023-02-09,37.0,2,3,1969.0,6891.891891891892
"Mieszkanie Kielce, ul. Sandomierska","Kielce, swietokrzyskie",379000.0,https://gratka.pl/nieruchomosci/mieszkanie-kielce-ul-sandomierska/ob/29473773,2023-02-10,59.0,3,6,1970.0,6423.728813559322
"Mieszkanie Kielce, ul. na Stoku 16","Kielce, swietokrzyskie",309000.0,https://gratka.pl/nieruchomosci/mieszkanie-kielce-ul-na-stoku-16/ob/29473449,2023-02-10,39.16,2,1,1986.0,7890.704800817161
Mieszkanie Kielce Herby,"Kielce, Herby, swietokrzyskie",397000.0,https://gratka.pl/nieruchomosci/mieszkanie-kielce-herby/ob/29471531,2023-02-10,71.6,3,6,,5544.692737430168
"Mieszkanie Kielce, ul. zelazna","Kielce, swietokrzyskie",220000.0,https://gratka.pl/nieruchomosci/mieszkanie-kielce-ul-zelazna/ob/29469747,2023-02-10,23.0,1,1,1956.0,9565.217391304348
"Mieszkanie Kielce, ul. Wiosenna","Kielce, swietokrzyskie",220000.0,https://gratka.pl/nieruchomosci/mieszkanie-kielce-ul-wiosenna/ob/29468535,2023-02-10,26.7,1,1,1975.0,8239.700374531836
Mieszkanie Kielce,"Kielce, swietokrzyskie",335000.0,https://gratka.pl/nieruchomosci/mieszkanie-kielce/ob/29468385,2023-02-10,47.95,3,3,1972.0,6986.444212721584
Mieszkanie Kielce,"Kielce, swietokrzyskie",434900.0,https://gratka.pl/nieruchomosci/mieszkanie-kielce/ob/29493713,2023-02-12,59.8,3,1,1980.0,7272.575250836121
Mieszkanie Kielce,"Kielce, swietokrzyskie",647000.0,https://gratka.pl/nieruchomosci/mieszkanie-kielce/ob/29493709,2023-02-12,99.0,4,0,,6535.353535353535
"Mieszkanie, balko, garaz, taras, OKAZJA","Kielce, Karczowka, swietokrzyskie",495000.0,https://gratka.pl/nieruchomosci/mieszkanie-balko-garaz-taras-okazja/oi/29485151,2023-02-12,62.0,3,0,2008.0,7983.870967741936
"Mieszkanie Kielce slichowice, ul. Raciborskiego","Kielce, slichowice, swietokrzyskie",430000.0,https://gratka.pl/nieruchomosci/mieszkanie-kielce-slichowice-ul-raciborskiego/ob/29480711,2023-02-12,63.5,3,3,1998.0,6771.653543307087
Mieszkanie Kielce,"Kielce, swietokrzyskie",540000.0,https://gratka.pl/nieruchomosci/mieszkanie-kielce/ob/29480365,2023-02-12,47.66,2,2,2020.0,11330.255979857324
"Mieszkanie Kielce, ul. Karlowicza","Kielce, swietokrzyskie",295000.0,https://gratka.pl/nieruchomosci/mieszkanie-kielce-ul-karlowicza/ob/29500231,2023-02-13,49.6,3,3,1960.0,5947.58064516129
Mieszkanie Kielce,"Kielce, swietokrzyskie",370000.0,https://gratka.pl/nieruchomosci/mieszkanie-kielce/ob/29495469,2023-02-13,46.0,3,1,1960.0,8043.478260869565
Mieszkanie Kielce,"Kielce, swietokrzyskie",340000.0,https://gratka.pl/nieruchomosci/mieszkanie-kielce/ob/29495411,2023-02-13,58.0,3,4,1968.0,5862.068965517241
"Nowe mieszkanie Kielce, ul. Bohaterow Warszawy","Kielce, swietokrzyskie",244444.0,https://gratka.pl/nieruchomosci/nowe-mieszkanie-kielce-ul-bohaterow-warszawy/ob/29514891,2023-02-14,26.57,1,6,2024.0,9200.0
"Mieszkanie Kielce, ul. Pomorska","Kielce, swietokrzyskie",334800.0,https://gratka.pl/nieruchomosci/mieszkanie-kielce-ul-pomorska/ob/29508955,2023-02-14,58.9,3,0,1970.0,5684.21052631579
"Mieszkanie Kielce, ul. Grunwaldzka","Kielce, swietokrzyskie",338800.0,https://gratka.pl/nieruchomosci/mieszkanie-kielce-ul-grunwaldzka/ob/29508303,2023-02-14,48.0,2,1,,7058.333333333333
"Mieszkanie Kielce, ul. Lecha","Kielce, swietokrzyskie",314900.0,https://gratka.pl/nieruchomosci/mieszkanie-kielce-ul-lecha/ob/29508141,2023-02-14,67.0,2,4,,4700.0
Mieszkanie Kielce Czarnow,"Kielce, Czarnow, swietokrzyskie",325000.0,https://gratka.pl/nieruchomosci/mieszkanie-kielce-czarnow/ob/29505045,2023-02-14,47.0,3,2,1966.0,6914.893617021276
Mieszkanie Kielce,"Kielce, swietokrzyskie",250000.0,https://gratka.pl/nieruchomosci/mieszkanie-kielce/ob/29504867,2023-02-14,35.0,2,1,1973.0,7142.857142857143
Mieszkanie Kielce,"Kielce, swietokrzyskie",430000.0,https://gratka.pl/nieruchomosci/mieszkanie-kielce/ob/29502989,2023-02-14,55.0,4,6,1998.0,7818.181818181818
"Mieszkanie Kielce, ul. Astronautow","Kielce, swietokrzyskie",299000.0,https://gratka.pl/nieruchomosci/mieszkanie-kielce-ul-astronautow/ob/29502795,2023-02-14,48.09,2,1,1970.0,6217.508837596173
"Mieszkanie Kielce, ul. Zagorska","Kielce, swietokrzyskie",219000.0,https://gratka.pl/nieruchomosci/mieszkanie-kielce-ul-zagorska/ob/29530139,2023-02-15,22.8,1,3.0,1970.0,9605.263157894737
Mieszkanie Kielce,"Kielce, swietokrzyskie",283900.0,https://gratka.pl/nieruchomosci/mieszkanie-kielce/ob/29529527,2023-02-15,47.5,2,2.0,1960.0,5976.8421052631575
Mieszkanie Kielce,"Kielce, swietokrzyskie",330000.0,https://gratka.pl/nieruchomosci/mieszkanie-kielce/ob/29528633,2023-02-15,53.0,2,2.0,1988.0,6226.415094339623
"Mieszkanie Kielce, ul. Bema","Kielce, swietokrzyskie",449000.0,https://gratka.pl/nieruchomosci/mieszkanie-kielce-ul-bema/ob/29527669,2023-02-15,72.3,3,3.0,1965.0,6210.2351313969575
Mieszkanie Kielce,"Kielce, swietokrzyskie",289000.0,https://gratka.pl/nieruchomosci/mieszkanie-kielce/ob/29521401,2023-02-15,49.0,2,1.0,,5897.959183673469
"Mieszkanie Kielce, ul. sciegiennego","Kielce, swietokrzyskie",850000.0,https://gratka.pl/nieruchomosci/mieszkanie-kielce-ul-sciegiennego/ob/29521141,2023-02-15,101.3,5,0.0,2001.0,8390.918065153011
"Do sprzedazy  3 pokojowe przestronne mieszkanie o powierzchni 65m2,","Kielce, slichowice, swietokrzyskie",525000.0,https://gratka.pl/nieruchomosci/do-sprzedazy-3-pokojowe-przestronne-mieszkanie-o-powierzchni-65m2/oi/29521249,2023-02-15,65.0,3,1.0,1992.0,8076.923076923077
"Nowe mieszkanie Kielce, ul. Bohaterow Warszawy","Kielce, swietokrzyskie",478842.0,https://gratka.pl/nieruchomosci/nowe-mieszkanie-kielce-ul-bohaterow-warszawy/ob/29520193,2023-02-15,52.62,3,7.0,2024.0,9100.0
Mieszkanie Kielce Czarnow,"Kielce, Czarnow, swietokrzyskie",339000.0,https://gratka.pl/nieruchomosci/mieszkanie-kielce-czarnow/ob/29520055,2023-02-15,48.0,2,1.0,1966.0,7062.5
Mieszkanie Kielce,"Kielce, swietokrzyskie",435000.0,https://gratka.pl/nieruchomosci/mieszkanie-kielce/ob/29520053,2023-02-15,63.0,3,1.0,1985.0,6904.761904761905
Mieszkanie Kielce,"Kielce, swietokrzyskie",315000.0,https://gratka.pl/nieruchomosci/mieszkanie-kielce/ob/29518893,2023-02-15,51.0,3,3.0,1957.0,6176.470588235294
"Nowe mieszkanie Kielce, ul. Zagnanska","Kielce, swietokrzyskie",1160000.0,https://gratka.pl/nieruchomosci/nowe-mieszkanie-kielce-ul-zagnanska/ob/29518875,2023-02-15,71.0,3,13.0,2022.0,16338.028169014084
"Nowe mieszkanie Kielce, ul. Bohaterow Warszawy","Kielce, swietokrzyskie",444084.0,https://gratka.pl/nieruchomosci/nowe-mieszkanie-kielce-ul-bohaterow-warszawy/ob/29516513,2023-02-15,48.27,2,6.0,2024.0,9200.0
"Nowe mieszkanie Kielce, ul. Bohaterow Warszawy","Kielce, swietokrzyskie",439257.0,https://gratka.pl/nieruchomosci/nowe-mieszkanie-kielce-ul-bohaterow-warszawy/ob/29516509,2023-02-15,48.27,2,5.0,2024.0,9100.0
"Mieszkanie Kielce, ul. Nowaka-Jezioranskiego","Kielce, swietokrzyskie",309000.0,https://gratka.pl/nieruchomosci/mieszkanie-kielce-ul-nowaka-jezioranskiego/ob/29516373,2023-02-15,48.0,3,,,6437.5
"Mieszkanie Kielce, ul. Szkolna","Kielce, swietokrzyskie",321000.0,https://gratka.pl/nieruchomosci/mieszkanie-kielce-ul-szkolna/ob/29556779,2023-02-18,37.5,2,5.0,,8560.0
Mieszkanie Kielce,"Kielce, swietokrzyskie",420000.0,https://gratka.pl/nieruchomosci/mieszkanie-kielce/ob/29556571,2023-02-18,69.0,3,6.0,1985.0,6086.95652173913
Mieszkanie Kielce,"Kielce, swietokrzyskie",315000.0,https://gratka.pl/nieruchomosci/mieszkanie-kielce/ob/29555225,2023-02-18,37.5,2,5.0,,8400.0
"Nowe mieszkanie Kielce, ul. Wojska Polskiego","Kielce, swietokrzyskie",799900.0,https://gratka.pl/nieruchomosci/nowe-mieszkanie-kielce-ul-wojska-polskiego/ob/29554019,2023-02-18,70.65,4,1.0,2023.0,11322.009907997168
Mieszkanie Kielce Baranowek,"Kielce, Baranowek, swietokrzyskie",559000.0,https://gratka.pl/nieruchomosci/mieszkanie-kielce-baranowek/ob/29553747,2023-02-18,46.78,2,0.0,2022.0,11949.55109020949
"Mieszkanie Kielce Bocianek, ul. Warszawska","Kielce, Bocianek, swietokrzyskie",265000.0,https://gratka.pl/nieruchomosci/mieszkanie-kielce-bocianek-ul-warszawska/ob/29553749,2023-02-18,31.0,2,4.0,1960.0,8548.387096774193
"Mieszkanie Kielce, ul. Jezioranskiego","Kielce, swietokrzyskie",350000.0,https://gratka.pl/nieruchomosci/mieszkanie-kielce-ul-jezioranskiego/ob/29552845,2023-02-18,47.74,2,8.0,1980.0,7331.378299120234
Mieszkanie Kielce,"Kielce, swietokrzyskie",275000.0,https://gratka.pl/nieruchomosci/mieszkanie-kielce/ob/29552421,2023-02-18,30.0,1,2.0,1997.0,9166.666666666666
"Mieszkanie Kielce, ul. Struga","Kielce, swietokrzyskie",429000.0,https://gratka.pl/nieruchomosci/mieszkanie-kielce-ul-struga/ob/29543463,2023-02-18,61.5,3,4.0,1986.0,6975.609756097561
"Mieszkanie Kielce, ul. Bohaterow Warszawy","Kielce, swietokrzyskie",369000.0,https://gratka.pl/nieruchomosci/mieszkanie-kielce-ul-bohaterow-warszawy/ob/29541717,2023-02-18,39.32,2,7.0,2012.0,9384.537131230925
"Nowe mieszkanie Kielce, ul. Turystyczna","Kielce, swietokrzyskie",695867.0,https://gratka.pl/nieruchomosci/nowe-mieszkanie-kielce-ul-turystyczna/ob/29541035,2023-02-18,53.71,3,,,12956.004468441632
Nowe mieszkanie Kielce Bocianek,"Kielce, Bocianek, swietokrzyskie",455607.0,https://gratka.pl/nieruchomosci/nowe-mieszkanie-kielce-bocianek/ob/29540249,2023-02-18,64.17,3,2.0,2023.0,7100.0
Nowe mieszkanie Kielce Bocianek,"Kielce, Bocianek, swietokrzyskie",395470.0,https://gratka.pl/nieruchomosci/nowe-mieszkanie-kielce-bocianek/ob/29540251,2023-02-18,55.7,3,0.0,2023.0,7100.0
"Mieszkanie Kielce slichowice, ul. Piekoszowska","Kielce, slichowice, swietokrzyskie",350000.0,https://gratka.pl/nieruchomosci/mieszkanie-kielce-slichowice-ul-piekoszowska/ob/29540149,2023-02-18,43.9,2,1.0,1999.0,7972.665148063782
"Mieszkanie Kielce Barwinek, ul. Barwinek","Kielce, Barwinek, swietokrzyskie",350000.0,https://gratka.pl/nieruchomosci/mieszkanie-kielce-barwinek-ul-barwinek/ob/29540145,2023-02-18,59.32,3,4.0,1982.0,5900.202292650034
"Mieszkanie Kielce Nowy Folwark, ul. Domaszowska","Kielce, NowyFolwark, swietokrzyskie",690000.0,https://gratka.pl/nieruchomosci/mieszkanie-kielce-nowy-folwark-ul-domaszowska/ob/29540151,2023-02-18,65.51,3,1.0,2013.0,10532.743092657609
"Mieszkanie Kielce, ul. Szkolna","Kielce, swietokrzyskie",239000.0,https://gratka.pl/nieruchomosci/mieszkanie-kielce-ul-szkolna/ob/29536807,2023-02-18,45.67,2,4.0,,5233.194657324283
"Mieszkanie Kielce, ul. Wojska Polskiego","Kielce, swietokrzyskie",299000.0,https://gratka.pl/nieruchomosci/mieszkanie-kielce-ul-wojska-polskiego/ob/29530765,2023-02-18,46.0,2,1.0,1965.0,6500.0
"Mieszkanie Kielce, ul. Orkana","Kielce, swietokrzyskie",390000.0,https://gratka.pl/nieruchomosci/mieszkanie-kielce-ul-orkana/ob/29565701,2023-02-19,59.6,3,4.0,,6543.624161073825
"Mieszkanie Kielce, ul. Pomorska","Kielce, swietokrzyskie",329000.0,https://gratka.pl/nieruchomosci/mieszkanie-kielce-ul-pomorska/ob/29564463,2023-02-19,58.9,3,0.0,,5585.738539898132
"Mieszkanie Kielce Czarnow, ul. Szkolna","Kielce, Czarnow, swietokrzyskie",315000.0,https://gratka.pl/nieruchomosci/mieszkanie-kielce-czarnow-ul-szkolna/ob/29556779,2023-02-20,37.5,2,5.0,,8400.0
"Nowe mieszkanie Kielce, ul. Klonowa","Kielce, swietokrzyskie",379000.0,https://gratka.pl/nieruchomosci/nowe-mieszkanie-kielce-ul-klonowa/ob/29588679,2023-02-21,38.31,2,3.0,2023.0,9892.978334638476
Mieszkanie Kielce,"Kielce, swietokrzyskie",340000.0,https://gratka.pl/nieruchomosci/mieszkanie-kielce/ob/29588611,2023-02-21,57.2,3,0.0,,5944.055944055944
"Mieszkanie Kielce, ul. Plac Wolnosci","Kielce, swietokrzyskie",200000.0,https://gratka.pl/nieruchomosci/mieszkanie-kielce-ul-plac-wolnosci/ob/29586171,2023-02-21,29.31,2,0.0,1960.0,6823.60968952576
Mieszkanie Kielce,"Kielce, swietokrzyskie",258700.0,https://gratka.pl/nieruchomosci/mieszkanie-kielce/ob/29576365,2023-02-21,37.5,2,2.0,,6898.666666666667
Mieszkanie Kielce,"Kielce, swietokrzyskie",275000.0,https://gratka.pl/nieruchomosci/mieszkanie-kielce/ob/29574597,2023-02-21,30.0,1,1.0,1997.0,9166.666666666666
"Mieszkanie Kielce, ul. Zagnanska","Kielce, swietokrzyskie",924660.0,https://gratka.pl/nieruchomosci/mieszkanie-kielce-ul-zagnanska/ob/29581949,2023-02-21,84.06,2,15.0,2022.0,11000.0
"Mieszkanie Kielce, ul. Piekoszowska","Kielce, swietokrzyskie",218000.0,https://gratka.pl/nieruchomosci/mieszkanie-kielce-ul-piekoszowska/ob/29595633,2023-02-22,35.0,2,3.0,1970.0,6228.571428571428
"Mieszkanie Kielce, ul. zolkiewskiego","Kielce, swietokrzyskie",565000.0,https://gratka.pl/nieruchomosci/mieszkanie-kielce-ul-zolkiewskiego/ob/29594185,2023-02-22,58.0,2,2.0,2016.0,9741.379310344828
Mieszkanie Kielce,"Kielce, swietokrzyskie",381900.0,https://gratka.pl/nieruchomosci/mieszkanie-kielce/ob/29593811,2023-02-22,46.6,3,2.0,,8195.278969957082
"Mieszkanie Kielce Czarnow, ul. Lecha","Kielce, Czarnow, swietokrzyskie",279999.0,https://gratka.pl/nieruchomosci/mieszkanie-kielce-czarnow-ul-lecha/ob/29592957,2023-02-22,50.0,3,0.0,,5599.98
"Nowe mieszkanie Kielce, ul. Bohaterow Warszawy","Kielce, swietokrzyskie",628650.0,https://gratka.pl/nieruchomosci/nowe-mieszkanie-kielce-ul-bohaterow-warszawy/ob/29591437,2023-02-22,69.85,4,6.0,2024.0,9000.0
"Nowe mieszkanie Kielce, ul. Bohaterow Warszawy","Kielce, swietokrzyskie",558540.0,https://gratka.pl/nieruchomosci/nowe-mieszkanie-kielce-ul-bohaterow-warszawy/ob/29591441,2023-02-22,62.06,3,6.0,2024.0,9000.0
"Mieszkanie Kielce, ul. Jesionowa","Kielce, swietokrzyskie",278000.0,https://gratka.pl/nieruchomosci/mieszkanie-kielce-ul-jesionowa/ob/29595263,2023-02-22,45.48,3,1.0,1966.0,6112.576956904134
"Mieszkanie Kielce, ul. Skorupki","Kielce, swietokrzyskie",460000.0,https://gratka.pl/nieruchomosci/mieszkanie-kielce-ul-skorupki/ob/29595269,2023-02-22,90.7,2,3.0,1995.0,5071.664829106946
"Mieszkanie Kielce, ul. Zagnanska","Kielce, swietokrzyskie",610610.0,https://gratka.pl/nieruchomosci/mieszkanie-kielce-ul-zagnanska/ob/29595265,2023-02-22,55.51,3,10.0,2024.0,11000.0
"Mieszkanie Kielce, ul. Zagnanska","Kielce, swietokrzyskie",1305480.0,https://gratka.pl/nieruchomosci/mieszkanie-kielce-ul-zagnanska/ob/29595267,2023-02-22,118.68,3,15.0,2024.0,11000.0
"Mieszkanie Kielce, ul. Lotnicza","Kielce, swietokrzyskie",730000.0,https://gratka.pl/nieruchomosci/mieszkanie-kielce-ul-lotnicza/ob/29623971,2023-02-24,79.38,4,4,2022.0,9196.271101033006
"Nowe mieszkanie Kielce, ul. Niska 2","Kielce, swietokrzyskie",,https://gratka.pl/nieruchomosci/nowe-mieszkanie-kielce-ul-niska-2/ob/29622897,2023-02-24,70.76,3,1,,
"Nowe mieszkanie Kielce, ul. Niska 2","Kielce, swietokrzyskie",,https://gratka.pl/nieruchomosci/nowe-mieszkanie-kielce-ul-niska-2/ob/29622893,2023-02-24,48.91,1,0,,
"Nowe mieszkanie Kielce, ul. Niska 2","Kielce, swietokrzyskie",,https://gratka.pl/nieruchomosci/nowe-mieszkanie-kielce-ul-niska-2/ob/29622901,2023-02-24,89.23,4,3,,
"Nowe mieszkanie Kielce, ul. Niska 2","Kielce, swietokrzyskie",,https://gratka.pl/nieruchomosci/nowe-mieszkanie-kielce-ul-niska-2/ob/29622891,2023-02-24,60.15,3,0,,
"Nowe mieszkanie Kielce, ul. Niska 2","Kielce, swietokrzyskie",,https://gratka.pl/nieruchomosci/nowe-mieszkanie-kielce-ul-niska-2/ob/29622909,2023-02-24,73.24,3,4,,
"Nowe mieszkanie Kielce, ul. Niska 2","Kielce, swietokrzyskie",,https://gratka.pl/nieruchomosci/nowe-mieszkanie-kielce-ul-niska-2/ob/29622889,2023-02-24,60.15,3,0,,
"Nowe mieszkanie Kielce, ul. Niska 2","Kielce, swietokrzyskie",,https://gratka.pl/nieruchomosci/nowe-mieszkanie-kielce-ul-niska-2/ob/29622885,2023-02-24,32.88,1,0,,
"Nowe mieszkanie Kielce, ul. Niska 2","Kielce, swietokrzyskie",,https://gratka.pl/nieruchomosci/nowe-mieszkanie-kielce-ul-niska-2/ob/29622905,2023-02-24,70.76,3,3,,
"Nowe mieszkanie Kielce, ul. Niska 2","Kielce, swietokrzyskie",,https://gratka.pl/nieruchomosci/nowe-mieszkanie-kielce-ul-niska-2/ob/29622903,2023-02-24,60.15,3,2,,
"Nowe mieszkanie Kielce, ul. Niska 2","Kielce, swietokrzyskie",,https://gratka.pl/nieruchomosci/nowe-mieszkanie-kielce-ul-niska-2/ob/29622899,2023-02-24,70.76,3,2,,
"Nowe mieszkanie Kielce, ul. Niska 2","Kielce, swietokrzyskie",,https://gratka.pl/nieruchomosci/nowe-mieszkanie-kielce-ul-niska-2/ob/29622883,2023-02-24,89.02,4,0,,
"Nowe mieszkanie Kielce, ul. Niska 2","Kielce, swietokrzyskie",,https://gratka.pl/nieruchomosci/nowe-mieszkanie-kielce-ul-niska-2/ob/29622895,2023-02-24,50.16,2,0,,
"Nowe mieszkanie Kielce, ul. Niska 2","Kielce, swietokrzyskie",,https://gratka.pl/nieruchomosci/nowe-mieszkanie-kielce-ul-niska-2/ob/29622887,2023-02-24,44.63,2,0,,
"Nowe mieszkanie Kielce, ul. Marszalkowska 64","Kielce, swietokrzyskie",,https://gratka.pl/nieruchomosci/nowe-mieszkanie-kielce-ul-marszalkowska-64/ob/29622669,2023-02-24,64.13,3,2,,
"Nowe mieszkanie Kielce, ul. Marszalkowska 64","Kielce, swietokrzyskie",,https://gratka.pl/nieruchomosci/nowe-mieszkanie-kielce-ul-marszalkowska-64/ob/29622659,2023-02-24,58.36,3,1,,
"Nowe mieszkanie Kielce, ul. Marszalkowska 64","Kielce, swietokrzyskie",,https://gratka.pl/nieruchomosci/nowe-mieszkanie-kielce-ul-marszalkowska-64/ob/29622671,2023-02-24,64.13,3,3,,
"Nowe mieszkanie Kielce, ul. Marszalkowska 64","Kielce, swietokrzyskie",,https://gratka.pl/nieruchomosci/nowe-mieszkanie-kielce-ul-marszalkowska-64/ob/29622673,2023-02-24,58.36,3,3,,
"Nowe mieszkanie Kielce, ul. Marszalkowska 64","Kielce, swietokrzyskie",,https://gratka.pl/nieruchomosci/nowe-mieszkanie-kielce-ul-marszalkowska-64/ob/29622665,2023-02-24,64.03,3,1,,
"Nowe mieszkanie Kielce, ul. Marszalkowska 64","Kielce, swietokrzyskie",,https://gratka.pl/nieruchomosci/nowe-mieszkanie-kielce-ul-marszalkowska-64/ob/29622667,2023-02-24,64.13,3,1,,
"Nowe mieszkanie Kielce, ul. Marszalkowska 64","Kielce, swietokrzyskie",,https://gratka.pl/nieruchomosci/nowe-mieszkanie-kielce-ul-marszalkowska-64/ob/29622675,2023-02-24,64.13,3,4,,
Spzedam mieszkanie dwupokojowe Marszalkowska,"Kielce, swietokrzyskie",360000.0,https://gratka.pl/nieruchomosci/spzedam-mieszkanie-dwupokojowe-marszalkowska/oi/29618931,2023-02-24,44.0,2,2,,8181.818181818182
"Nowe mieszkanie Kielce Szydlowek, ul. Klonowa","Kielce, Szydlowek, swietokrzyskie",608940.0,https://gratka.pl/nieruchomosci/nowe-mieszkanie-kielce-szydlowek-ul-klonowa/ob/29616301,2023-02-24,67.66,3,2,2023.0,9000.0
"Mieszkanie Kielce, ul. Tomasza Zielinskiego","Kielce, swietokrzyskie",295000.0,https://gratka.pl/nieruchomosci/mieszkanie-kielce-ul-tomasza-zielinskiego/ob/29616105,2023-02-24,46.9,2,0,,6289.97867803838
"Nowe mieszkanie Kielce, ul. Sikorskiego 31","Kielce, swietokrzyskie",503965.0,https://gratka.pl/nieruchomosci/nowe-mieszkanie-kielce-ul-sikorskiego-31/ob/29615223,2023-02-24,65.45,4,2,,7700.0
"Nowe mieszkanie Kielce, ul. Sikorskiego 31","Kielce, swietokrzyskie",499852.0,https://gratka.pl/nieruchomosci/nowe-mieszkanie-kielce-ul-sikorskiego-31/ob/29615227,2023-02-24,65.77,4,3,,7600.000000000001
"Nowe mieszkanie Kielce, ul. Sikorskiego 31","Kielce, swietokrzyskie",445676.0,https://gratka.pl/nieruchomosci/nowe-mieszkanie-kielce-ul-sikorskiego-31/ob/29615205,2023-02-24,57.88,3,0,,7700.0
"Nowe mieszkanie Kielce, ul. Sikorskiego 31","Kielce, swietokrzyskie",486698.0,https://gratka.pl/nieruchomosci/nowe-mieszkanie-kielce-ul-sikorskiego-31/ob/29615215,2023-02-24,65.77,4,1,,7400.0
"Nowe mieszkanie Kielce, ul. Sikorskiego 31","Kielce, swietokrzyskie",497420.0,https://gratka.pl/nieruchomosci/nowe-mieszkanie-kielce-ul-sikorskiego-31/ob/29615219,2023-02-24,65.45,4,1,,7600.0
"Nowe mieszkanie Kielce, ul. Sikorskiego 31","Kielce, swietokrzyskie",477333.0,https://gratka.pl/nieruchomosci/nowe-mieszkanie-kielce-ul-sikorskiego-31/ob/29615239,2023-02-24,57.51,3,4,,8300.0
"Nowe mieszkanie Kielce, ul. Sikorskiego 31","Kielce, swietokrzyskie",252900.0,https://gratka.pl/nieruchomosci/nowe-mieszkanie-kielce-ul-sikorskiego-31/ob/29615253,2023-02-24,28.1,1,1,,9000.0
"Nowe mieszkanie Kielce, ul. Sikorskiego 31","Kielce, swietokrzyskie",331035.0,https://gratka.pl/nieruchomosci/nowe-mieszkanie-kielce-ul-sikorskiego-31/ob/29615189,2023-02-24,38.05,2,4,,8700.0
"Nowe mieszkanie Kielce, ul. Sikorskiego 31","Kielce, swietokrzyskie",471582.0,https://gratka.pl/nieruchomosci/nowe-mieszkanie-kielce-ul-sikorskiego-31/ob/29615231,2023-02-24,57.51,3,3,,8200.0
"Nowe mieszkanie Kielce, ul. Sikorskiego 31","Kielce, swietokrzyskie",513084.0,https://gratka.pl/nieruchomosci/nowe-mieszkanie-kielce-ul-sikorskiego-31/ob/29615241,2023-02-24,65.78,4,5,,7800.0
"Nowe mieszkanie Kielce, ul. Sikorskiego 31","Kielce, swietokrzyskie",483084.0,https://gratka.pl/nieruchomosci/nowe-mieszkanie-kielce-ul-sikorskiego-31/ob/29615245,2023-02-24,57.51,3,5,,8400.0
"Nowe mieszkanie Kielce, ul. Sikorskiego 31","Kielce, swietokrzyskie",506429.0,https://gratka.pl/nieruchomosci/nowe-mieszkanie-kielce-ul-sikorskiego-31/ob/29615235,2023-02-24,65.77,4,4,,7700.000000000001
"Nowe mieszkanie Kielce, ul. Sikorskiego 31","Kielce, swietokrzyskie",239568.0,https://gratka.pl/nieruchomosci/nowe-mieszkanie-kielce-ul-sikorskiego-31/ob/29615265,2023-02-24,25.76,1,4,,9300.0
"Nowe mieszkanie Kielce, ul. Sikorskiego 31","Kielce, swietokrzyskie",261330.0,https://gratka.pl/nieruchomosci/nowe-mieszkanie-kielce-ul-sikorskiego-31/ob/29615263,2023-02-24,28.1,1,4,,9300.0
"Nowe mieszkanie Kielce, ul. Sikorskiego 31","Kielce, swietokrzyskie",484330.0,https://gratka.pl/nieruchomosci/nowe-mieszkanie-kielce-ul-sikorskiego-31/ob/29615209,2023-02-24,65.45,4,0,,7400.0
"Nowe mieszkanie Kielce, ul. Sikorskiego 31","Kielce, swietokrzyskie",474428.0,https://gratka.pl/nieruchomosci/nowe-mieszkanie-kielce-ul-sikorskiego-31/ob/29615183,2023-02-24,57.16,3,4,,8300.0
"Nowe mieszkanie Kielce, ul. Sikorskiego 31","Kielce, swietokrzyskie",512070.0,https://gratka.pl/nieruchomosci/nowe-mieszkanie-kielce-ul-sikorskiego-31/ob/29615199,2023-02-24,65.65,4,5,,7799.999999999999
"Nowe mieszkanie Kielce, ul. Sikorskiego 31","Kielce, swietokrzyskie",480144.0,https://gratka.pl/nieruchomosci/nowe-mieszkanie-kielce-ul-sikorskiego-31/ob/29615195,2023-02-24,57.16,3,5,,8400.0
"Nowe mieszkanie Kielce, ul. Sikorskiego 31","Kielce, swietokrzyskie",334840.0,https://gratka.pl/nieruchomosci/nowe-mieszkanie-kielce-ul-sikorskiego-31/ob/29615201,2023-02-24,38.05,2,5,,8800.0
"Nowe mieszkanie Kielce, ul. Sikorskiego 31","Kielce, swietokrzyskie",304031.0,https://gratka.pl/nieruchomosci/nowe-mieszkanie-kielce-ul-sikorskiego-31/ob/29615179,2023-02-24,33.41,1,4,,9100.000000000002
"Nowe mieszkanie Kielce, ul. Sikorskiego 31","Kielce, swietokrzyskie",452394.0,https://gratka.pl/nieruchomosci/nowe-mieszkanie-kielce-ul-sikorskiego-31/ob/29615177,2023-02-24,55.17,4,4,,8200.0
"Nowe mieszkanie Kielce, ul. Sikorskiego 31","Kielce, swietokrzyskie",226688.0,https://gratka.pl/nieruchomosci/nowe-mieszkanie-kielce-ul-sikorskiego-31/ob/29615247,2023-02-24,25.76,1,0,,8800.0
"Nowe mieszkanie Kielce, ul. Sikorskiego 31","Kielce, swietokrzyskie",498940.0,https://gratka.pl/nieruchomosci/nowe-mieszkanie-kielce-ul-sikorskiego-31/ob/29615175,2023-02-24,65.65,4,3,,7599.999999999999
"Nowe mieszkanie Kielce, ul. Sikorskiego 31","Kielce, swietokrzyskie",460080.0,https://gratka.pl/nieruchomosci/nowe-mieszkanie-kielce-ul-sikorskiego-31/ob/29615213,2023-02-24,57.51,3,1,,8000.0
"Nowe mieszkanie Kielce, ul. Sikorskiego 31","Kielce, swietokrzyskie",307372.0,https://gratka.pl/nieruchomosci/nowe-mieszkanie-kielce-ul-sikorskiego-31/ob/29615193,2023-02-24,33.41,1,5,,9200.000000000002
"Nowe mieszkanie Kielce, ul. Sikorskiego 31","Kielce, swietokrzyskie",517055.0,https://gratka.pl/nieruchomosci/nowe-mieszkanie-kielce-ul-sikorskiego-31/ob/29615237,2023-02-24,65.45,4,4,,7900.0
"Nowe mieszkanie Kielce, ul. Sikorskiego 31","Kielce, swietokrzyskie",247280.0,https://gratka.pl/nieruchomosci/nowe-mieszkanie-kielce-ul-sikorskiego-31/ob/29615251,2023-02-24,28.1,1,0,,8800.0
"Nowe mieszkanie Kielce, ul. Sikorskiego 31","Kielce, swietokrzyskie",231840.0,https://gratka.pl/nieruchomosci/nowe-mieszkanie-kielce-ul-sikorskiego-31/ob/29615249,2023-02-24,25.76,1,1,,9000.0
"Nowe mieszkanie Kielce, ul. Sikorskiego 31","Kielce, swietokrzyskie",264140.0,https://gratka.pl/nieruchomosci/nowe-mieszkanie-kielce-ul-sikorskiego-31/ob/29615271,2023-02-24,28.1,1,5,,9400.0
"Nowe mieszkanie Kielce, ul. Sikorskiego 31","Kielce, swietokrzyskie",242144.0,https://gratka.pl/nieruchomosci/nowe-mieszkanie-kielce-ul-sikorskiego-31/ob/29615267,2023-02-24,25.76,1,5,,9400.0
"Nowe mieszkanie Kielce, ul. Sikorskiego 31","Kielce, swietokrzyskie",236992.0,https://gratka.pl/nieruchomosci/nowe-mieszkanie-kielce-ul-sikorskiego-31/ob/29615259,2023-02-24,25.76,1,3,,9200.0
"Nowe mieszkanie Kielce, ul. Sikorskiego 31","Kielce, swietokrzyskie",493275.0,https://gratka.pl/nieruchomosci/nowe-mieszkanie-kielce-ul-sikorskiego-31/ob/29615221,2023-02-24,65.77,4,2,,7500.0
"Nowe mieszkanie Kielce, ul. Sikorskiego 31","Kielce, swietokrzyskie",523600.0,https://gratka.pl/nieruchomosci/nowe-mieszkanie-kielce-ul-sikorskiego-31/ob/29615243,2023-02-24,65.45,4,5,,8000.0
"Nowe mieszkanie Kielce, ul. Sikorskiego 31","Kielce, swietokrzyskie",457911.0,https://gratka.pl/nieruchomosci/nowe-mieszkanie-kielce-ul-sikorskiego-31/ob/29615191,2023-02-24,55.17,4,5,,8300.0
"Nowe mieszkanie Kielce, ul. Sikorskiego 31","Kielce, swietokrzyskie",234416.0,https://gratka.pl/nieruchomosci/nowe-mieszkanie-kielce-ul-sikorskiego-31/ob/29615255,2023-02-24,25.76,1,2,,9100.0
"Nowe mieszkanie Kielce, ul. Sikorskiego 31","Kielce, swietokrzyskie",331470.0,https://gratka.pl/nieruchomosci/nowe-mieszkanie-kielce-ul-sikorskiego-31/ob/29615185,2023-02-24,38.1,2,4,,8700.0
"Nowe mieszkanie Kielce, ul. Sikorskiego 31","Kielce, swietokrzyskie",505505.0,https://gratka.pl/nieruchomosci/nowe-mieszkanie-kielce-ul-sikorskiego-31/ob/29615187,2023-02-24,65.65,4,4,,7699.999999999999
"Nowe mieszkanie Kielce, ul. Sikorskiego 31","Kielce, swietokrzyskie",258520.0,https://gratka.pl/nieruchomosci/nowe-mieszkanie-kielce-ul-sikorskiego-31/ob/29615261,2023-02-24,28.1,1,3,,9200.0
"Nowe mieszkanie Kielce, ul. Sikorskiego 31","Kielce, swietokrzyskie",448578.0,https://gratka.pl/nieruchomosci/nowe-mieszkanie-kielce-ul-sikorskiego-31/ob/29615207,2023-02-24,57.51,3,0,,7800.0
"Nowe mieszkanie Kielce, ul. Sikorskiego 31","Kielce, swietokrzyskie",255710.0,https://gratka.pl/nieruchomosci/nowe-mieszkanie-kielce-ul-sikorskiego-31/ob/29615257,2023-02-24,28.1,1,2,,9100.0
Mieszkanie Kielce,"Kielce, swietokrzyskie",679000.0,https://gratka.pl/nieruchomosci/mieszkanie-kielce/ob/29630923,2023-02-25,74.0,3,poddasze,2009.0,9175.675675675675
Mieszkanie Kielce,"Kielce, swietokrzyskie",305000.0,https://gratka.pl/nieruchomosci/mieszkanie-kielce/ob/29630105,2023-02-25,38.0,2,5,1974.0,8026.315789473684
"Mieszkanie Kielce, ul. Czarnowska","Kielce, swietokrzyskie",255000.0,https://gratka.pl/nieruchomosci/mieszkanie-kielce-ul-czarnowska/ob/29627909,2023-02-25,35.0,2,5,1974.0,7285.714285714285
"Mieszkanie Kielce, ul. Jagiellonska","Kielce, swietokrzyskie",298000.0,https://gratka.pl/nieruchomosci/mieszkanie-kielce-ul-jagiellonska/ob/29648705,2023-02-27,46.0,2,2,1976.0,6478.260869565217
"Mieszkanie Kielce, ul. Osiedle na Stoku","Kielce, swietokrzyskie",420000.0,https://gratka.pl/nieruchomosci/mieszkanie-kielce-ul-osiedle-na-stoku/ob/29644597,2023-02-27,63.5,3,7,,6614.173228346457
"Nowe mieszkanie Kielce, ul. Kolberga","Kielce, swietokrzyskie",283500.0,https://gratka.pl/nieruchomosci/nowe-mieszkanie-kielce-ul-kolberga/ob/29644101,2023-02-27,31.54,2,3,2023.0,8988.58592263792
"Nowe mieszkanie Kielce, ul. Wojska Polskiego","Kielce, swietokrzyskie",551800.0,https://gratka.pl/nieruchomosci/nowe-mieszkanie-kielce-ul-wojska-polskiego/ob/29643659,2023-02-27,78.8,4,3,2022.0,7002.53807106599
"Mieszkanie Kielce, ul. Wiosenna","Kielce, swietokrzyskie",359800.0,https://gratka.pl/nieruchomosci/mieszkanie-kielce-ul-wiosenna/ob/29643547,2023-02-27,60.0,3,3,1970.0,5996.666666666667
"Nowe mieszkanie Kielce, ul. Turystyczna","Kielce, swietokrzyskie",456535.0,https://gratka.pl/nieruchomosci/nowe-mieszkanie-kielce-ul-turystyczna/ob/29642995,2023-02-27,53.71,3,,,8500.0
"Mieszkanie ksm 3 pokoje ,pietro 2/4 balkon ul. Zagorska ,po generalnym remoncie.","Kielce, KSM, swietokrzyskie",445000.0,https://gratka.pl/nieruchomosci/mieszkanie-ksm-3-pokoje-pietro-2-4-balkon-ul-zagorska-po-generalnym-remoncie/oi/29643021,2023-02-27,57.7,3,2,1970.0,7712.305025996533
"Mieszkanie Kielce, ul. Piekoszowska","Kielce, swietokrzyskie",385000.0,https://gratka.pl/nieruchomosci/mieszkanie-kielce-ul-piekoszowska/ob/29639543,2023-02-27,53.04,2,1,,7258.67269984917
Mieszkanie Kielce slichowice,"Kielce, slichowice, swietokrzyskie",463000.0,https://gratka.pl/nieruchomosci/mieszkanie-kielce-slichowice/ob/29638379,2023-02-27,74.6,4,4,1992.0,6206.434316353888
"Mieszkanie Kielce, ul. Poludniowa","Kielce, swietokrzyskie",340000.0,https://gratka.pl/nieruchomosci/mieszkanie-kielce-ul-poludniowa/ob/29637761,2023-02-27,53.77,3,3,,6323.2285661149335
"Mieszkanie Kielce, ul. Klonowa","Kielce, swietokrzyskie",679000.0,https://gratka.pl/nieruchomosci/mieszkanie-kielce-ul-klonowa/ob/29630923,2023-02-27,74.0,3,poddasze,2009.0,9175.675675675675
"Mieszkanie Kielce, ul. Konarskiego","Kielce, swietokrzyskie",318000.0,https://gratka.pl/nieruchomosci/mieszkanie-kielce-ul-konarskiego/ob/29667155,2023-03-01,47.2,3,1.0,1986.0,6737.2881355932195
"Mieszkanie Kielce, ul. Pilsudskiego","Kielce, swietokrzyskie",285000.0,https://gratka.pl/nieruchomosci/mieszkanie-kielce-ul-pilsudskiego/ob/29666083,2023-03-01,48.0,2,6.0,1981.0,5937.5
"Mieszkanie Kielce, ul. Pomorska","Kielce, swietokrzyskie",289000.0,https://gratka.pl/nieruchomosci/mieszkanie-kielce-ul-pomorska/ob/29664159,2023-03-01,46.0,2,0.0,,6282.608695652174
"Mieszkanie Kielce, ul. Leszczynska","Kielce, swietokrzyskie",380000.0,https://gratka.pl/nieruchomosci/mieszkanie-kielce-ul-leszczynska/ob/29664165,2023-03-01,44.25,2,0.0,2008.0,8587.570621468927
Mieszkanie Kielce Czarnow,"Kielce, Czarnow, swietokrzyskie",455000.0,https://gratka.pl/nieruchomosci/mieszkanie-kielce-czarnow/ob/29662645,2023-03-01,63.71,5,3.0,1998.0,7141.735991210171
"Mieszkanie Kielce, ul. Orkana","Kielce, swietokrzyskie",314900.0,https://gratka.pl/nieruchomosci/mieszkanie-kielce-ul-orkana/ob/29662615,2023-03-01,49.1,3,3.0,,6413.4419551934825
"Nowe mieszkanie Kielce, ul. Stefana Okrzei 31","Kielce, swietokrzyskie",,https://gratka.pl/nieruchomosci/nowe-mieszkanie-kielce-ul-stefana-okrzei-31/ob/29661747,2023-03-01,28.92,1,2.0,,
"Nowe mieszkanie Kielce, ul. Stefana Okrzei 31","Kielce, swietokrzyskie",,https://gratka.pl/nieruchomosci/nowe-mieszkanie-kielce-ul-stefana-okrzei-31/ob/29661743,2023-03-01,53.83,3,2.0,,
"Nowe mieszkanie Kielce, ul. Stefana Okrzei 31","Kielce, swietokrzyskie",,https://gratka.pl/nieruchomosci/nowe-mieszkanie-kielce-ul-stefana-okrzei-31/ob/29661731,2023-03-01,69.73,3,1.0,,
"Nowe mieszkanie Kielce, ul. Stefana Okrzei 31","Kielce, swietokrzyskie",,https://gratka.pl/nieruchomosci/nowe-mieszkanie-kielce-ul-stefana-okrzei-31/ob/29661733,2023-03-01,42.59,2,1.0,,
"Nowe mieszkanie Kielce, ul. Stefana Okrzei 31","Kielce, swietokrzyskie",,https://gratka.pl/nieruchomosci/nowe-mieszkanie-kielce-ul-stefana-okrzei-31/ob/29661737,2023-03-01,70.85,4,1.0,,
"Nowe mieszkanie Kielce, ul. Stefana Okrzei 31","Kielce, swietokrzyskie",,https://gratka.pl/nieruchomosci/nowe-mieszkanie-kielce-ul-stefana-okrzei-31/ob/29661727,2023-03-01,28.93,1,1.0,,
"Nowe mieszkanie Kielce, ul. Stefana Okrzei 31","Kielce, swietokrzyskie",,https://gratka.pl/nieruchomosci/nowe-mieszkanie-kielce-ul-stefana-okrzei-31/ob/29661765,2023-03-01,28.92,1,0.0,,
"Nowe mieszkanie Kielce, ul. Stefana Okrzei 31","Kielce, swietokrzyskie",,https://gratka.pl/nieruchomosci/nowe-mieszkanie-kielce-ul-stefana-okrzei-31/ob/29661801,2023-03-01,29.43,1,0.0,,
"Nowe mieszkanie Kielce, ul. Stefana Okrzei 31","Kielce, swietokrzyskie",,https://gratka.pl/nieruchomosci/nowe-mieszkanie-kielce-ul-stefana-okrzei-31/ob/29661759,2023-03-01,29.43,1,2.0,,
"Nowe mieszkanie Kielce, ul. Stefana Okrzei 31","Kielce, swietokrzyskie",,https://gratka.pl/nieruchomosci/nowe-mieszkanie-kielce-ul-stefana-okrzei-31/ob/29661767,2023-03-01,30.5,1,3.0,,
"Nowe mieszkanie Kielce, ul. Stefana Okrzei 31","Kielce, swietokrzyskie",,https://gratka.pl/nieruchomosci/nowe-mieszkanie-kielce-ul-stefana-okrzei-31/ob/29661771,2023-03-01,28.92,1,3.0,,
"Nowe mieszkanie Kielce, ul. Stefana Okrzei 31","Kielce, swietokrzyskie",,https://gratka.pl/nieruchomosci/nowe-mieszkanie-kielce-ul-stefana-okrzei-31/ob/29661773,2023-03-01,64.58,3,3.0,,
"Nowe mieszkanie Kielce, ul. Stefana Okrzei 31","Kielce, swietokrzyskie",,https://gratka.pl/nieruchomosci/nowe-mieszkanie-kielce-ul-stefana-okrzei-31/ob/29661803,2023-03-01,39.67,1,0.0,,
"Nowe mieszkanie Kielce, ul. Stefana Okrzei 31","Kielce, swietokrzyskie",,https://gratka.pl/nieruchomosci/nowe-mieszkanie-kielce-ul-stefana-okrzei-31/ob/29661797,2023-03-01,87.75,5,4.0,,
"Nowe mieszkanie Kielce, ul. Stefana Okrzei 31","Kielce, swietokrzyskie",,https://gratka.pl/nieruchomosci/nowe-mieszkanie-kielce-ul-stefana-okrzei-31/ob/29661787,2023-03-01,39.0,2,0.0,,
"Nowe mieszkanie Kielce, ul. Stefana Okrzei 31","Kielce, swietokrzyskie",,https://gratka.pl/nieruchomosci/nowe-mieszkanie-kielce-ul-stefana-okrzei-31/ob/29661795,2023-03-01,58.32,2,0.0,,
"Nowe mieszkanie Kielce, ul. Stefana Okrzei 31","Kielce, swietokrzyskie",,https://gratka.pl/nieruchomosci/nowe-mieszkanie-kielce-ul-stefana-okrzei-31/ob/29661799,2023-03-01,70.85,4,0.0,,
"Nowe mieszkanie Kielce, ul. Stefana Okrzei 31","Kielce, swietokrzyskie",,https://gratka.pl/nieruchomosci/nowe-mieszkanie-kielce-ul-stefana-okrzei-31/ob/29661761,2023-03-01,40.75,2,2.0,,
"Nowe mieszkanie Kielce, ul. Stefana Okrzei 31","Kielce, swietokrzyskie",,https://gratka.pl/nieruchomosci/nowe-mieszkanie-kielce-ul-stefana-okrzei-31/ob/29661755,2023-03-01,42.59,2,2.0,,
"Nowe mieszkanie Kielce, ul. Stefana Okrzei 31","Kielce, swietokrzyskie",,https://gratka.pl/nieruchomosci/nowe-mieszkanie-kielce-ul-stefana-okrzei-31/ob/29661783,2023-03-01,29.43,1,3.0,,
"Nowe mieszkanie Kielce, ul. Stefana Okrzei 31","Kielce, swietokrzyskie",,https://gratka.pl/nieruchomosci/nowe-mieszkanie-kielce-ul-stefana-okrzei-31/ob/29661779,2023-03-01,70.85,4,3.0,,
"Nowe mieszkanie Kielce, ul. Stefana Okrzei 31","Kielce, swietokrzyskie",,https://gratka.pl/nieruchomosci/nowe-mieszkanie-kielce-ul-stefana-okrzei-31/ob/29661763,2023-03-01,70.85,4,2.0,,
"Nowe mieszkanie Kielce, ul. Stefana Okrzei 31","Kielce, swietokrzyskie",,https://gratka.pl/nieruchomosci/nowe-mieszkanie-kielce-ul-stefana-okrzei-31/ob/29661745,2023-03-01,30.5,1,2.0,,
"Nowe mieszkanie Kielce, ul. Stefana Okrzei 31","Kielce, swietokrzyskie",,https://gratka.pl/nieruchomosci/nowe-mieszkanie-kielce-ul-stefana-okrzei-31/ob/29661789,2023-03-01,40.75,2,3.0,,
"Nowe mieszkanie Kielce, ul. Stefana Okrzei 31","Kielce, swietokrzyskie",,https://gratka.pl/nieruchomosci/nowe-mieszkanie-kielce-ul-stefana-okrzei-31/ob/29661719,2023-03-01,53.83,3,1.0,,
"Nowe mieszkanie Kielce, ul. Stefana Okrzei 31","Kielce, swietokrzyskie",,https://gratka.pl/nieruchomosci/nowe-mieszkanie-kielce-ul-stefana-okrzei-31/ob/29661739,2023-03-01,40.75,2,1.0,,
"Nowe mieszkanie Kielce, ul. Stefana Okrzei 31","Kielce, swietokrzyskie",,https://gratka.pl/nieruchomosci/nowe-mieszkanie-kielce-ul-stefana-okrzei-31/ob/29661777,2023-03-01,43.09,2,3.0,,
"Nowe mieszkanie Kielce, ul. Stefana Okrzei 31","Kielce, swietokrzyskie",,https://gratka.pl/nieruchomosci/nowe-mieszkanie-kielce-ul-stefana-okrzei-31/ob/29661735,2023-03-01,29.43,1,1.0,,
"Nowe mieszkanie Kielce, ul. Stefana Okrzei 31","Kielce, swietokrzyskie",,https://gratka.pl/nieruchomosci/nowe-mieszkanie-kielce-ul-stefana-okrzei-31/ob/29661741,2023-03-01,30.49,1,0.0,,
"Nowe mieszkanie Kielce, ul. Stefana Okrzei 31","Kielce, swietokrzyskie",,https://gratka.pl/nieruchomosci/nowe-mieszkanie-kielce-ul-stefana-okrzei-31/ob/29661753,2023-03-01,43.08,2,2.0,,
"Nowe mieszkanie Kielce, ul. Stefana Okrzei 31","Kielce, swietokrzyskie",,https://gratka.pl/nieruchomosci/nowe-mieszkanie-kielce-ul-stefana-okrzei-31/ob/29661757,2023-03-01,69.73,3,2.0,,
"Nowe mieszkanie Kielce, ul. Stefana Okrzei 31","Kielce, swietokrzyskie",,https://gratka.pl/nieruchomosci/nowe-mieszkanie-kielce-ul-stefana-okrzei-31/ob/29661723,2023-03-01,30.5,1,1.0,,
"Nowe mieszkanie Kielce, ul. Stefana Okrzei 31","Kielce, swietokrzyskie",,https://gratka.pl/nieruchomosci/nowe-mieszkanie-kielce-ul-stefana-okrzei-31/ob/29661725,2023-03-01,43.08,2,1.0,,
"Nowe mieszkanie Kielce, ul. Stefana Okrzei 31","Kielce, swietokrzyskie",,https://gratka.pl/nieruchomosci/nowe-mieszkanie-kielce-ul-stefana-okrzei-31/ob/29661721,2023-03-01,53.77,3,0.0,,
"Nowe mieszkanie Kielce, ul. Stefana Okrzei 31","Kielce, swietokrzyskie",,https://gratka.pl/nieruchomosci/nowe-mieszkanie-kielce-ul-stefana-okrzei-31/ob/29661729,2023-03-01,64.58,3,1.0,,
"Nowe mieszkanie Kielce, ul. Stefana Okrzei 31","Kielce, swietokrzyskie",,https://gratka.pl/nieruchomosci/nowe-mieszkanie-kielce-ul-stefana-okrzei-31/ob/29661793,2023-03-01,107.15,5,4.0,,
"Nowe mieszkanie Kielce, ul. Stefana Okrzei 31","Kielce, swietokrzyskie",,https://gratka.pl/nieruchomosci/nowe-mieszkanie-kielce-ul-stefana-okrzei-31/ob/29661805,2023-03-01,40.75,2,0.0,,
"Nowe mieszkanie Kielce, ul. Stefana Okrzei 31","Kielce, swietokrzyskie",,https://gratka.pl/nieruchomosci/nowe-mieszkanie-kielce-ul-stefana-okrzei-31/ob/29661775,2023-03-01,69.73,3,3.0,,
"Nowe mieszkanie Kielce, ul. Stefana Okrzei 31","Kielce, swietokrzyskie",,https://gratka.pl/nieruchomosci/nowe-mieszkanie-kielce-ul-stefana-okrzei-31/ob/29661791,2023-03-01,62.74,3,4.0,,
"Nowe mieszkanie Kielce, ul. Stefana Okrzei 31","Kielce, swietokrzyskie",,https://gratka.pl/nieruchomosci/nowe-mieszkanie-kielce-ul-stefana-okrzei-31/ob/29661749,2023-03-01,64.58,3,2.0,,
"Nowe mieszkanie Kielce, ul. Stefana Okrzei 31","Kielce, swietokrzyskie",,https://gratka.pl/nieruchomosci/nowe-mieszkanie-kielce-ul-stefana-okrzei-31/ob/29661769,2023-03-01,53.83,3,3.0,,
"Nowe mieszkanie Kielce, ul. Stefana Okrzei 31","Kielce, swietokrzyskie",,https://gratka.pl/nieruchomosci/nowe-mieszkanie-kielce-ul-stefana-okrzei-31/ob/29661781,2023-03-01,42.59,2,3.0,,
"Nowe mieszkanie Kielce, ul. Stefana Okrzei 31","Kielce, swietokrzyskie",,https://gratka.pl/nieruchomosci/nowe-mieszkanie-kielce-ul-stefana-okrzei-31/ob/29661785,2023-03-01,65.35,3,4.0,,
"Mieszkanie Kielce, ul. Szkolna","Kielce, swietokrzyskie",340000.0,https://gratka.pl/nieruchomosci/mieszkanie-kielce-ul-szkolna/ob/29656073,2023-03-01,46.37,2,4.0,,7332.326935518655
Nowe mieszkanie Kielce slichowice,"Kielce, slichowice, swietokrzyskie",250824.0,https://gratka.pl/nieruchomosci/nowe-mieszkanie-kielce-slichowice/ob/29655151,2023-03-01,29.86,2,3.0,2023.0,8400.0
"Mieszkanie Kielce, ul. Zamenhofa","Kielce, swietokrzyskie",419000.0,https://gratka.pl/nieruchomosci/mieszkanie-kielce-ul-zamenhofa/ob/29654845,2023-03-01,52.0,3,2.0,,8057.692307692308
"Mieszkanie Kielce, ul. zeromskiego","Kielce, swietokrzyskie",349000.0,https://gratka.pl/nieruchomosci/mieszkanie-kielce-ul-zeromskiego/ob/29653623,2023-03-01,48.15,2,3.0,1950.0,7248.182762201454
"Mieszkanie Kielce, ul. zrodlowa","Kielce, swietokrzyskie",275000.0,https://gratka.pl/nieruchomosci/mieszkanie-kielce-ul-zrodlowa/ob/29653001,2023-03-01,49.1,2,3.0,1957.0,5600.81466395112
"Nowe mieszkanie Kielce Karczowka, ul. Krysztalowa","Kielce, Karczowka, swietokrzyskie",445000.0,https://gratka.pl/nieruchomosci/nowe-mieszkanie-kielce-karczowka-ul-krysztalowa/ob/29652123,2023-03-01,47.23,2,0.0,,9421.97755663773
"Mieszkanie Kielce, ul. Orlat Lwowskich","Kielce, swietokrzyskie",350000.0,https://gratka.pl/nieruchomosci/mieszkanie-kielce-ul-orlat-lwowskich/ob/29650541,2023-03-01,37.0,1,3.0,2022.0,9459.45945945946
"Mieszkanie Kielce, ul. Grunwaldzka","Kielce, swietokrzyskie",265000.0,https://gratka.pl/nieruchomosci/mieszkanie-kielce-ul-grunwaldzka/ob/29650551,2023-03-01,44.0,2,6.0,1970.0,6022.727272727273
